/*
 Navicat Premium Data Transfer

 Source Server         : 云数据库
 Source Server Type    : MySQL
 Source Server Version : 80016
 Source Host           : rm-bp1cp68o8t1gq604p5o.mysql.rds.aliyuncs.com:3306
 Source Schema         : authorization

 Target Server Type    : MySQL
 Target Server Version : 80016
 File Encoding         : 65001

 Date: 27/05/2020 20:40:55
*/

SET NAMES utf8mb4;
SET FOREIGN_KEY_CHECKS = 0;

-- ----------------------------
-- Table structure for c_auth_menu
-- ----------------------------
DROP TABLE IF EXISTS `c_auth_menu`;
CREATE TABLE `c_auth_menu` (
  `id` bigint(20) NOT NULL COMMENT '主键',
  `tenant_code` varchar(20) DEFAULT '' COMMENT '租户编码',
  `label` varchar(20) NOT NULL DEFAULT '' COMMENT '名称',
  `describe_` varchar(200) DEFAULT '' COMMENT '描述',
  `is_public` bit(1) DEFAULT b'0' COMMENT '公共菜单\nTrue是无需分配所有人就可以访问的',
  `path` varchar(255) DEFAULT '' COMMENT '路径',
  `component` varchar(255) DEFAULT NULL COMMENT '组件',
  `is_enable` bit(1) DEFAULT b'1' COMMENT '状态',
  `sort_value` int(11) DEFAULT '1' COMMENT '排序',
  `icon` varchar(255) DEFAULT '' COMMENT '菜单图标',
  `group_` varchar(20) DEFAULT '' COMMENT '分组',
  `parent_id` bigint(20) DEFAULT '0' COMMENT '父级菜单ID',
  `create_user` bigint(20) DEFAULT NULL COMMENT '创建人id',
  `create_time` datetime DEFAULT NULL COMMENT '创建时间',
  `update_user` bigint(20) DEFAULT NULL COMMENT '更新人id',
  `update_time` datetime DEFAULT NULL COMMENT '更新时间',
  PRIMARY KEY (`id`) USING BTREE,
  KEY `INX_STATUS` (`is_enable`,`is_public`) USING BTREE
) ENGINE=InnoDB DEFAULT CHARSET=utf8mb4 COLLATE=utf8mb4_0900_ai_ci COMMENT='菜单';

-- ----------------------------
-- Records of c_auth_menu
-- ----------------------------
BEGIN;
INSERT INTO `c_auth_menu` VALUES (101, '0000', '用户中心', '用户组织机构', b'0', '/user', 'Layout', b'1', 1, 'el-icon-user-solid', '', 0, 1, '2019-07-25 15:35:12', 3, '2019-11-11 14:32:02');
INSERT INTO `c_auth_menu` VALUES (102, '0000', '权限管理', '管理权限相关', b'0', '/auth', 'Layout', b'1', 2, 'el-icon-lock', '', 0, 1, '2019-07-27 11:48:49', 3, '2019-11-11 14:35:39');
INSERT INTO `c_auth_menu` VALUES (103, '0000', '基础配置', '基础的配置', b'0', '/base', 'Layout', b'1', 3, 'el-icon-set-up', '', 0, 1, '2019-11-11 14:38:29', 3, '2019-11-11 14:35:42');
INSERT INTO `c_auth_menu` VALUES (104, '0000', '开发者管理', '开发者', b'0', '/developer', 'Layout', b'1', 4, 'el-icon-user-solid', '', 0, 1, '2019-11-11 14:38:34', 3, '2019-11-11 14:35:44');
INSERT INTO `c_auth_menu` VALUES (105, '0000', '消息中心', '站内信', b'0', '/msgs', 'Layout', b'1', 5, 'el-icon-chat-line-square', '', 0, 1, '2019-11-11 14:38:32', 3, '2019-11-11 14:35:47');
INSERT INTO `c_auth_menu` VALUES (106, '0000', '短信中心', '短信接口', b'0', '/sms', 'Layout', b'1', 6, 'el-icon-chat-line-round', '', 0, 1, '2019-11-11 14:38:36', 3, '2019-11-11 14:35:49');
INSERT INTO `c_auth_menu` VALUES (107, '0000', '文件中心', '附件接口', b'0', '/file', 'Layout', b'1', 7, 'el-icon-folder-add', '', 0, 1, '2019-11-11 14:38:38', 3, '2019-11-11 14:35:51');
INSERT INTO `c_auth_menu` VALUES (603976297063910529, '0000', '菜单配置', '', b'0', '/auth/menu', 'zuihou/auth/menu/Index', b'1', 0, '', '', 102, 1, '2019-07-25 15:46:11', 3, '2019-11-11 14:31:52');
INSERT INTO `c_auth_menu` VALUES (603981723864141121, '0000', '角色管理', '', b'0', '/auth/role', 'zuihou/auth/role/Index', b'1', 1, '', '', 102, 1, '2019-07-25 16:07:45', 3, '2019-11-11 14:31:57');
INSERT INTO `c_auth_menu` VALUES (603982542332235201, '0000', '组织管理', '', b'0', '/user/org', 'zuihou/user/org/Index', b'1', 0, '', '', 101, 1, '2019-07-25 16:11:00', 3, '2019-11-11 14:28:40');
INSERT INTO `c_auth_menu` VALUES (603982713849908801, '0000', '岗位管理', '', b'0', '/user/station', 'zuihou/user/station/Index', b'1', 1, '', '', 101, 1, '2019-07-25 16:11:41', 3, '2019-11-11 14:28:43');
INSERT INTO `c_auth_menu` VALUES (603983082961243905, '0000', '用户管理', '', b'0', '/user/user', 'zuihou/user/user/Index', b'1', 2, '', '', 101, 1, '2019-07-25 16:13:09', 3, '2019-11-11 14:28:49');
INSERT INTO `c_auth_menu` VALUES (605078371293987105, '0000', '数据字典维护', '', b'0', '/base/dict', 'zuihou/base/dict/Index', b'1', 0, '', '', 103, 1, '2019-07-28 16:45:26', 3, '2019-11-11 14:34:23');
INSERT INTO `c_auth_menu` VALUES (605078463069552993, '0000', '地区信息维护', '', b'0', '/base/area', 'zuihou/base/area/Index', b'1', 1, '', '', 103, 1, '2019-07-28 16:45:48', 3, '2019-11-11 14:34:26');
INSERT INTO `c_auth_menu` VALUES (605078538881597857, '0000', '应用管理', '', b'0', '/developer/application', 'zuihou/developer/application/Index', b'1', 0, '', '', 104, 1, '2019-07-28 16:46:06', 3, '2019-12-25 16:19:43');
INSERT INTO `c_auth_menu` VALUES (605078672772170209, '0000', '操作日志', '', b'0', '/developer/optLog', 'zuihou/developer/optLog/Index', b'1', 3, '', '', 104, 1, '2019-07-28 16:46:38', 3, '2019-11-11 14:35:14');
INSERT INTO `c_auth_menu` VALUES (605078979149300257, '0000', '数据库监控', '', b'0', '/developer/db', 'zuihou/developer/db/Index', b'1', 2, '', '', 104, 1, '2019-07-28 16:47:51', 3, '2019-11-16 16:35:50');
INSERT INTO `c_auth_menu` VALUES (605079239015793249, '0000', '接口文档', '', b'0', 'http://127.0.0.1:8760/api/gate/doc.html', 'Layout', b'1', 5, '', '', 104, 1, '2019-07-28 16:48:53', 3, '2019-11-16 10:55:03');
INSERT INTO `c_auth_menu` VALUES (605079411338773153, '0000', '注册&配置中心', '', b'0', 'http://127.0.0.1:8848/nacos', 'Layout', b'1', 6, '', '', 104, 1, '2019-07-28 16:49:34', 3, '2019-11-16 10:55:06');
INSERT INTO `c_auth_menu` VALUES (605079545585861345, '0000', '缓存监控', '', b'0', 'http://www.baidu.com', 'Layout', b'1', 7, '', '', 104, 1, '2019-07-28 16:50:06', 3, '2019-11-16 10:55:08');
INSERT INTO `c_auth_menu` VALUES (605079658416833313, '0000', '服务器监控', '', b'0', 'http://127.0.0.1:8762/zuihou-monitor', 'Layout', b'1', 8, '', '', 104, 1, '2019-07-28 16:50:33', 3, '2019-11-16 10:55:15');
INSERT INTO `c_auth_menu` VALUES (605079751035454305, '0000', '消息推送', '', b'0', '/msgs/sendMsgs', 'zuihou/msgs/sendMsgs/Index', b'1', 0, '', '', 105, 1, '2019-07-28 16:50:55', 3, '2019-11-11 14:28:30');
INSERT INTO `c_auth_menu` VALUES (605080023753294753, '0000', '我的消息', '', b'0', '/msgs/myMsgs', 'zuihou/msgs/myMsgs/Index', b'1', 1, '', '', 105, 1, '2019-07-28 16:52:00', 3, '2019-11-11 14:28:27');
INSERT INTO `c_auth_menu` VALUES (605080107379327969, '0000', '账号配置', '', b'0', '/sms/template', 'zuihou/sms/template/Index', b'1', 1, '', '', 106, 1, '2019-07-28 16:52:20', 3, '2019-11-21 19:53:17');
INSERT INTO `c_auth_menu` VALUES (605080359394083937, '0000', '短信管理', '', b'0', '/sms/manage', 'zuihou/sms/manage/Index', b'1', 0, '', '', 106, 1, '2019-07-28 16:53:20', 3, '2019-11-21 19:53:09');
INSERT INTO `c_auth_menu` VALUES (605080648767505601, '0000', '附件列表', '', b'0', '/file/attachment', 'zuihou/file/attachment/Index', b'1', 0, '', '', 107, 1, '2019-07-28 16:54:29', 3, '2019-11-11 14:28:07');
INSERT INTO `c_auth_menu` VALUES (605080816296396097, '0000', '定时调度中心', '', b'0', 'http://127.0.0.1:8767/zuihou-jobs-server', 'Layout', b'1', 9, '', '', 104, 1, '2019-07-28 16:55:09', 3, '2019-11-16 10:55:18');
INSERT INTO `c_auth_menu` VALUES (605424535633666945, '0000', '接口查询', '', b'0', '/developer/systemApi', 'zuihou/developer/systemApi/Index', b'1', 1, '', '', 104, 1, '2019-07-29 15:40:58', 3, '2019-12-24 14:40:47');
INSERT INTO `c_auth_menu` VALUES (644111530555611361, '0000', '链路调用监控', '', b'0', 'http://127.0.0.1:8772/zipkin', 'Layout', b'1', 10, '', '', 104, 3, '2019-11-13 09:49:16', 3, '2019-11-13 09:56:51');
INSERT INTO `c_auth_menu` VALUES (645215230518909025, '0000', '登录日志', '', b'0', '/developer/loginLog', 'zuihou/developer/loginLog/Index', b'1', 4, '', '', 104, 3, '2019-11-16 10:54:59', 3, '2019-11-16 10:54:59');
INSERT INTO `c_auth_menu` VALUES (1225042542827929600, '0000', '参数配置', '', b'0', '/base/parameter', 'zuihou/base/parameter/Index', b'1', 3, '', '', 103, 3, '2020-02-05 21:04:37', 3, '2020-02-05 21:04:37');
COMMIT;

-- ----------------------------
-- Table structure for c_auth_resource
-- ----------------------------
DROP TABLE IF EXISTS `c_auth_resource`;
CREATE TABLE `c_auth_resource` (
  `id` bigint(20) NOT NULL COMMENT 'ID',
  `code` varchar(50) DEFAULT '' COMMENT '编码\n规则：\n链接：\n数据列：\n按钮：',
  `name` varchar(255) NOT NULL DEFAULT '' COMMENT '名称',
  `menu_id` bigint(20) DEFAULT NULL COMMENT '菜单ID\n#c_auth_menu',
  `describe_` varchar(255) DEFAULT '' COMMENT '描述',
  `create_user` bigint(20) DEFAULT NULL COMMENT '创建人id',
  `create_time` datetime DEFAULT NULL COMMENT '创建时间',
  `update_user` bigint(20) DEFAULT NULL COMMENT '更新人id',
  `update_time` datetime DEFAULT NULL COMMENT '更新时间',
  PRIMARY KEY (`id`) USING BTREE,
  UNIQUE KEY `UN_CODE` (`code`) USING BTREE COMMENT '编码唯一'
) ENGINE=InnoDB DEFAULT CHARSET=utf8mb4 COLLATE=utf8mb4_0900_ai_ci COMMENT='资源';

-- ----------------------------
-- Records of c_auth_resource
-- ----------------------------
BEGIN;
INSERT INTO `c_auth_resource` VALUES (643444685339100193, 'org:add', '添加', 603982542332235201, '', 3, '2019-11-11 13:39:28', 3, '2019-11-11 13:39:50');
INSERT INTO `c_auth_resource` VALUES (643444685339100194, 'role:config', '配置', 603981723864141121, '', 3, '2019-11-11 13:39:28', 3, '2019-11-11 13:39:50');
INSERT INTO `c_auth_resource` VALUES (643444685339100195, 'resource:add', '添加', 603976297063910529, '', 3, '2019-11-11 13:39:28', 3, '2019-11-11 13:39:50');
INSERT INTO `c_auth_resource` VALUES (643444685339100196, 'resource:update', '修改', 603976297063910529, '', 3, '2019-11-11 13:39:28', 3, '2019-11-11 13:39:50');
INSERT INTO `c_auth_resource` VALUES (643444685339100197, 'resource:delete', '删除', 603976297063910529, '', 3, '2019-11-11 13:39:28', 3, '2019-11-11 13:39:50');
INSERT INTO `c_auth_resource` VALUES (643444819758154945, 'org:update', '修改', 603982542332235201, '', 3, '2019-11-11 13:40:00', 3, '2019-11-11 13:40:00');
INSERT INTO `c_auth_resource` VALUES (643444858974897441, 'org:delete', '删除', 603982542332235201, '', 3, '2019-11-11 13:40:09', 3, '2019-11-11 13:40:09');
INSERT INTO `c_auth_resource` VALUES (643444897201784193, 'org:view', '查询', 603982542332235201, '', 3, '2019-11-11 13:40:18', 3, '2019-11-11 13:40:18');
INSERT INTO `c_auth_resource` VALUES (643444992357959137, 'org:import', '导入', 603982542332235201, '', 3, '2019-11-11 13:40:41', 3, '2019-11-11 13:40:41');
INSERT INTO `c_auth_resource` VALUES (643445016773002817, 'org:export', '导出', 603982542332235201, '', 3, '2019-11-11 13:40:47', 3, '2019-11-11 13:40:47');
INSERT INTO `c_auth_resource` VALUES (643445116756821697, 'station:add', '添加', 603982713849908801, '', 3, '2019-11-11 13:41:11', 3, '2019-11-11 13:41:11');
INSERT INTO `c_auth_resource` VALUES (643445162915137313, 'station:update', '修改', 603982713849908801, '', 3, '2019-11-11 13:41:22', 3, '2019-11-11 13:41:22');
INSERT INTO `c_auth_resource` VALUES (643445197954353025, 'station:delete', '删除', 603982713849908801, '', 3, '2019-11-11 13:41:30', 3, '2019-11-11 13:41:30');
INSERT INTO `c_auth_resource` VALUES (643445229575210977, 'station:view', '查看', 603982713849908801, '', 3, '2019-11-11 13:41:38', 3, '2019-11-11 13:41:38');
INSERT INTO `c_auth_resource` VALUES (643445262110427201, 'station:export', '导出', 603982713849908801, '', 3, '2019-11-11 13:41:45', 3, '2019-11-11 13:41:45');
INSERT INTO `c_auth_resource` VALUES (643445283996305569, 'station:import', '导入', 603982713849908801, '', 3, '2019-11-11 13:41:51', 3, '2019-11-11 13:41:51');
INSERT INTO `c_auth_resource` VALUES (643445352703199521, 'user:add', '添加', 603983082961243905, '', 3, '2019-11-11 13:42:07', 3, '2019-11-11 13:42:07');
INSERT INTO `c_auth_resource` VALUES (643445412774021505, 'user:update', '修改', 603983082961243905, '', 3, '2019-11-11 13:42:21', 3, '2019-11-11 13:42:21');
INSERT INTO `c_auth_resource` VALUES (643445448081672673, 'user:delete', '删除', 603983082961243905, '', 3, '2019-11-11 13:42:30', 3, '2019-11-11 13:42:30');
INSERT INTO `c_auth_resource` VALUES (643445477274028609, 'user:view', '查看', 603983082961243905, '', 3, '2019-11-11 13:42:37', 3, '2019-11-11 13:42:37');
INSERT INTO `c_auth_resource` VALUES (643445514607528609, 'user:import', '导入', 603983082961243905, '', 3, '2019-11-11 13:42:46', 3, '2019-11-11 13:42:46');
INSERT INTO `c_auth_resource` VALUES (643445542076025601, 'user:export', '导出', 603983082961243905, '', 3, '2019-11-11 13:42:52', 3, '2019-11-11 13:42:52');
INSERT INTO `c_auth_resource` VALUES (643445641149680705, 'menu:add', '添加', 603976297063910529, '', 3, '2019-11-11 13:43:16', 3, '2019-11-11 13:43:16');
INSERT INTO `c_auth_resource` VALUES (643445674330819745, 'menu:update', '修改', 603976297063910529, '', 3, '2019-11-11 13:43:24', 3, '2019-11-11 13:43:24');
INSERT INTO `c_auth_resource` VALUES (643445704177487105, 'menu:delete', '删除', 603976297063910529, '', 3, '2019-11-11 13:43:31', 3, '2019-11-11 13:43:31');
INSERT INTO `c_auth_resource` VALUES (643445747320098145, 'menu:view', '查看', 603976297063910529, '', 3, '2019-11-11 13:43:41', 3, '2019-11-11 13:43:41');
INSERT INTO `c_auth_resource` VALUES (643445774687931841, 'menu:export', '导出', 603976297063910529, '', 3, '2019-11-11 13:43:48', 3, '2019-11-11 13:43:48');
INSERT INTO `c_auth_resource` VALUES (643445802106097185, 'menu:import', '导入', 603976297063910529, '', 3, '2019-11-11 13:43:54', 3, '2019-11-11 13:43:54');
INSERT INTO `c_auth_resource` VALUES (643448338154263521, 'role:add', '添加', 603981723864141121, '', 3, '2019-11-11 13:53:59', 3, '2019-11-11 13:53:59');
INSERT INTO `c_auth_resource` VALUES (643448369779315777, 'role:update', '修改', 603981723864141121, '', 3, '2019-11-11 13:54:06', 3, '2019-11-11 13:54:06');
INSERT INTO `c_auth_resource` VALUES (643448507767723169, 'role:delete', '删除', 603981723864141121, '', 3, '2019-11-11 13:54:39', 3, '2019-11-11 13:54:39');
INSERT INTO `c_auth_resource` VALUES (643448611161511169, 'role:view', '查看', 603981723864141121, '', 3, '2019-11-11 13:55:04', 3, '2019-11-11 13:55:04');
INSERT INTO `c_auth_resource` VALUES (643448656451605857, 'role:export', '导出', 603981723864141121, '', 3, '2019-11-11 13:55:15', 3, '2019-11-11 13:55:15');
INSERT INTO `c_auth_resource` VALUES (643448730950833601, 'role:import', '导入', 603981723864141121, '', 3, '2019-11-11 13:55:32', 3, '2019-11-11 13:55:32');
INSERT INTO `c_auth_resource` VALUES (643448826945869409, 'role:auth', '授权', 603981723864141121, '', 3, '2019-11-11 13:55:55', 3, '2019-11-11 13:55:55');
INSERT INTO `c_auth_resource` VALUES (643449540959016737, 'dict:add', '添加', 605078371293987105, '', 3, '2019-11-11 13:58:45', 3, '2019-11-11 13:58:45');
INSERT INTO `c_auth_resource` VALUES (643449573045442433, 'dict:update', '修改', 605078371293987105, '', 3, '2019-11-11 13:58:53', 3, '2019-11-11 13:58:53');
INSERT INTO `c_auth_resource` VALUES (643449629173618657, 'dict:view', '查看', 605078371293987105, '', 3, '2019-11-11 13:59:07', 3, '2019-11-11 13:59:07');
INSERT INTO `c_auth_resource` VALUES (643449944866297985, 'dict:delete', '删除', 605078371293987105, '', 3, '2019-11-11 14:00:22', 3, '2019-11-11 14:00:22');
INSERT INTO `c_auth_resource` VALUES (643449998909905121, 'dict:export', '导出', 605078371293987105, '', 3, '2019-11-11 14:00:35', 3, '2019-11-11 14:00:35');
INSERT INTO `c_auth_resource` VALUES (643450072595437889, 'dict:import', '导入', 605078371293987105, '', 3, '2019-11-11 14:00:52', 3, '2019-11-11 14:00:52');
INSERT INTO `c_auth_resource` VALUES (643450171333548481, 'area:add', '添加', 605078463069552993, '', 3, '2019-11-11 14:01:16', 3, '2019-11-11 14:01:16');
INSERT INTO `c_auth_resource` VALUES (643450210449627681, 'area:update', '修改', 605078463069552993, '', 3, '2019-11-11 14:01:25', 3, '2019-11-11 14:01:25');
INSERT INTO `c_auth_resource` VALUES (643450295858240129, 'area:delete', '删除', 605078463069552993, '', 3, '2019-11-11 14:01:45', 3, '2019-11-11 14:01:45');
INSERT INTO `c_auth_resource` VALUES (643450326619265761, 'area:view', '查看', 605078463069552993, '', 3, '2019-11-11 14:01:53', 3, '2019-11-11 14:01:53');
INSERT INTO `c_auth_resource` VALUES (643450551291353921, 'area:export', '导出', 605078463069552993, '', 3, '2019-11-11 14:02:46', 3, '2019-11-11 14:02:46');
INSERT INTO `c_auth_resource` VALUES (643450602218593185, 'area:import', '导入', 605078463069552993, '', 3, '2019-11-11 14:02:59', 3, '2019-11-11 14:02:59');
INSERT INTO `c_auth_resource` VALUES (643450770317909249, 'optLog:view', '查看', 605078672772170209, '', 3, '2019-11-11 14:03:39', 3, '2019-11-11 14:03:39');
INSERT INTO `c_auth_resource` VALUES (643450853134441825, 'optLog:export', '导出', 605078672772170209, '', 3, '2019-11-11 14:03:58', 3, '2019-11-11 14:03:58');
INSERT INTO `c_auth_resource` VALUES (643451893279892129, 'msgs:view', '查看', 605080023753294753, '', 3, '2019-11-11 14:08:06', 3, '2019-11-11 14:08:06');
INSERT INTO `c_auth_resource` VALUES (643451945020826369, 'msgs:delete', '删除', 605080023753294753, '', 3, '2019-11-11 14:08:19', 3, '2019-11-11 14:08:19');
INSERT INTO `c_auth_resource` VALUES (643451994945626977, 'msgs:update', '修改', 605080023753294753, '', 3, '2019-11-11 14:08:31', 3, '2019-11-11 14:08:31');
INSERT INTO `c_auth_resource` VALUES (643452086981239745, 'msgs:export', '导出', 605080023753294753, '', 3, '2019-11-11 14:08:53', 3, '2019-11-11 14:08:53');
INSERT INTO `c_auth_resource` VALUES (643452393857492033, 'sms:template:add', '添加', 605080107379327969, '', 3, '2019-11-11 14:10:06', 3, '2019-11-11 14:10:06');
INSERT INTO `c_auth_resource` VALUES (643452429496493217, 'sms:template:update', '修改', 605080107379327969, '', 3, '2019-11-11 14:10:14', 3, '2019-11-11 14:10:14');
INSERT INTO `c_auth_resource` VALUES (643452458693043457, 'sms:template:view', '查看', 605080107379327969, '', 3, '2019-11-11 14:10:21', 3, '2019-11-11 14:10:21');
INSERT INTO `c_auth_resource` VALUES (643452488447436129, 'sms:template:delete', '删除', 605080107379327969, '', 3, '2019-11-11 14:10:28', 3, '2019-11-11 14:10:28');
INSERT INTO `c_auth_resource` VALUES (643452536954561985, 'sms:template:import', '导入', 605080107379327969, '', 3, '2019-11-11 14:10:40', 3, '2019-11-11 14:10:40');
INSERT INTO `c_auth_resource` VALUES (643452571645650465, 'sms:template:export', '导入', 605080107379327969, '', 3, '2019-11-11 14:10:48', 3, '2019-11-11 14:10:48');
INSERT INTO `c_auth_resource` VALUES (643454073500084577, 'sms:manage:add', '添加', 605080359394083937, '', 3, '2019-11-11 14:16:46', 3, '2019-11-11 14:16:46');
INSERT INTO `c_auth_resource` VALUES (643454110992968129, 'sms:manage:update', '修改', 605080359394083937, '', 3, '2019-11-11 14:16:55', 3, '2019-11-11 14:16:55');
INSERT INTO `c_auth_resource` VALUES (643454150905965089, 'sms:manage:view', '查看', 605080359394083937, '', 3, '2019-11-11 14:17:05', 3, '2019-11-11 14:17:05');
INSERT INTO `c_auth_resource` VALUES (643454825052252961, 'sms:manage:delete', '删除', 605080359394083937, '', 3, '2019-11-11 14:19:45', 3, '2019-11-11 14:19:45');
INSERT INTO `c_auth_resource` VALUES (643455175503129569, 'sms:manage:export', '导出', 605080359394083937, '', 3, '2019-11-11 14:21:09', 3, '2019-11-11 14:26:05');
INSERT INTO `c_auth_resource` VALUES (643455720519380097, 'sms:manage:import', '导入', 605080359394083937, '', 3, '2019-11-11 14:23:19', 3, '2019-11-11 14:23:19');
INSERT INTO `c_auth_resource` VALUES (643456690892582401, 'file:add', '添加', 605080648767505601, '', 3, '2019-11-11 14:27:10', 3, '2019-11-11 14:27:10');
INSERT INTO `c_auth_resource` VALUES (643456724186967649, 'file:update', '修改', 605080648767505601, '', 3, '2019-11-11 14:27:18', 3, '2019-11-11 14:27:18');
INSERT INTO `c_auth_resource` VALUES (643456761927315137, 'file:delete', '删除', 605080648767505601, '', 3, '2019-11-11 14:27:27', 3, '2019-11-11 14:27:27');
INSERT INTO `c_auth_resource` VALUES (643456789920100129, 'file:view', '查看', 605080648767505601, '', 3, '2019-11-11 14:27:34', 3, '2019-11-11 14:27:34');
INSERT INTO `c_auth_resource` VALUES (643456884694593409, 'file:download', '下载', 605080648767505601, '', 3, '2019-11-11 14:27:56', 3, '2019-11-11 14:27:56');
INSERT INTO `c_auth_resource` VALUES (645288214990422241, 'optLog:delete', '删除', 605078672772170209, '', 3, '2019-11-16 15:45:00', 3, '2019-11-16 15:45:00');
INSERT INTO `c_auth_resource` VALUES (645288283693121889, 'loginLog:delete', '删除', 645215230518909025, '', 3, '2019-11-16 15:45:16', 3, '2019-11-16 15:45:16');
INSERT INTO `c_auth_resource` VALUES (645288375300915649, 'loginLog:export', '导出', 645215230518909025, '', 3, '2019-11-16 15:45:38', 3, '2019-11-16 15:45:38');
INSERT INTO `c_auth_resource` VALUES (658002570005972001, 'msgs:add', '新增', 605080023753294753, '', 3, '2019-12-21 17:47:18', 3, '2019-12-21 17:47:18');
INSERT INTO `c_auth_resource` VALUES (658002632467547265, 'msgs:mark', '标记已读', 605080023753294753, '', 3, '2019-12-21 17:47:33', 3, '2019-12-21 17:47:33');
INSERT INTO `c_auth_resource` VALUES (659045058871296641, 'systemApi:add', '新增', 605424535633666945, '', 3, '2019-12-24 14:49:47', 3, '2019-12-24 14:49:47');
INSERT INTO `c_auth_resource` VALUES (659045100646564577, 'systemApi:delete', '删除', 605424535633666945, '', 3, '2019-12-24 14:49:57', 3, '2019-12-24 14:49:57');
INSERT INTO `c_auth_resource` VALUES (659045145735332673, 'systemApi:update', '修改', 605424535633666945, '', 3, '2019-12-24 14:50:07', 3, '2019-12-24 14:50:07');
INSERT INTO `c_auth_resource` VALUES (659045207890723745, 'systemApi:export', '导出', 605424535633666945, '', 3, '2019-12-24 14:50:22', 3, '2019-12-24 14:50:22');
INSERT INTO `c_auth_resource` VALUES (659430164874134689, 'systemApi:view', '查看', 605424535633666945, '', 3, '2019-12-25 16:20:03', 3, '2019-12-25 16:20:03');
INSERT INTO `c_auth_resource` VALUES (659702641965662497, 'application:add', '新增', 605078538881597857, '', 3, '2019-12-26 10:22:47', 3, '2019-12-26 10:22:47');
INSERT INTO `c_auth_resource` VALUES (659702674622513537, 'application:update', '修改', 605078538881597857, '', 3, '2019-12-26 10:22:55', 3, '2019-12-26 10:22:55');
INSERT INTO `c_auth_resource` VALUES (659702756889592289, 'application:delete', '删除', 605078538881597857, '', 3, '2019-12-26 10:23:14', 3, '2019-12-26 10:23:14');
INSERT INTO `c_auth_resource` VALUES (659702791312245313, 'application:view', '查看', 605078538881597857, '', 3, '2019-12-26 10:23:22', 3, '2019-12-26 10:23:22');
INSERT INTO `c_auth_resource` VALUES (659702853945787041, 'application:export', '导出', 605078538881597857, '', 3, '2019-12-26 10:23:37', 3, '2019-12-26 10:23:37');
INSERT INTO `c_auth_resource` VALUES (1225042691843162112, 'parameter:add', '添加', 1225042542827929600, '', 3, '2020-02-05 21:05:13', 3, '2020-02-05 21:05:13');
INSERT INTO `c_auth_resource` VALUES (1225042821497487360, 'parameter:update', '修改', 1225042542827929600, '', 3, '2020-02-05 21:05:43', 3, '2020-02-05 21:05:43');
INSERT INTO `c_auth_resource` VALUES (1225042949172101120, 'parameter:delete', '删除', 1225042542827929600, '', 3, '2020-02-05 21:06:14', 3, '2020-02-05 21:06:14');
INSERT INTO `c_auth_resource` VALUES (1225043012455759872, 'parameter:export', '导出', 1225042542827929600, '', 3, '2020-02-05 21:06:29', 3, '2020-02-05 21:06:29');
INSERT INTO `c_auth_resource` VALUES (1237035586045345792, 'parameter:import', '导入', 1225042542827929600, '', 3, '2020-03-09 23:20:41', 3, '2020-03-09 23:20:41');
INSERT INTO `c_auth_resource` VALUES (1237035798587506688, 'msgs:import', '导入', 605080023753294753, '', 3, '2020-03-09 23:21:32', 3, '2020-03-09 23:21:32');
COMMIT;

-- ----------------------------
-- Table structure for c_auth_role
-- ----------------------------
DROP TABLE IF EXISTS `c_auth_role`;
CREATE TABLE `c_auth_role` (
  `id` bigint(20) NOT NULL,
  `name` varchar(30) NOT NULL DEFAULT '' COMMENT '名称',
  `code` varchar(20) DEFAULT '' COMMENT '编码',
  `describe_` varchar(100) DEFAULT '' COMMENT '描述',
  `status` bit(1) DEFAULT b'1' COMMENT '状态',
  `readonly` bit(1) DEFAULT b'0' COMMENT '是否内置角色',
  `ds_type` varchar(20) NOT NULL DEFAULT 'SELF' COMMENT '数据权限类型\n#DataScopeType{ALL:1,全部;THIS_LEVEL:2,本级;THIS_LEVEL_CHILDREN:3,本级以及子级;CUSTOMIZE:4,自定义;SELF:5,个人;}',
  `create_user` bigint(20) DEFAULT '0' COMMENT '创建人id',
  `create_time` datetime DEFAULT NULL COMMENT '创建时间',
  `update_user` bigint(20) DEFAULT '0' COMMENT '更新人id',
  `update_time` datetime DEFAULT NULL COMMENT '更新时间',
  PRIMARY KEY (`id`) USING BTREE,
  UNIQUE KEY `UN_CODE` (`code`) USING BTREE
) ENGINE=InnoDB DEFAULT CHARSET=utf8mb4 COLLATE=utf8mb4_0900_ai_ci COMMENT='角色';

-- ----------------------------
-- Records of c_auth_role
-- ----------------------------
BEGIN;
INSERT INTO `c_auth_role` VALUES (100, '平台管理员', 'PT_ADMIN', '平台管理员', b'1', b'1', 'ALL', 1, '2019-10-25 13:46:00', 3, '2020-04-09 11:09:17');
INSERT INTO `c_auth_role` VALUES (1248085631792316416, '知识官', 'CKO', '知识官', b'1', b'0', 'THIS_LEVEL_CHILDREN', 3, '2020-04-09 11:09:38', 3, '2020-04-09 11:09:38');
INSERT INTO `c_auth_role` VALUES (1248088058155237376, '员工', 'EMPLOYEES', '员工', b'1', b'0', 'SELF', 1248084109452902400, '2020-04-09 11:19:16', 1248084109452902400, '2020-04-09 11:19:16');
COMMIT;

-- ----------------------------
-- Table structure for c_auth_role_authority
-- ----------------------------
DROP TABLE IF EXISTS `c_auth_role_authority`;
CREATE TABLE `c_auth_role_authority` (
  `id` bigint(20) NOT NULL COMMENT '主键',
  `authority_id` bigint(20) NOT NULL COMMENT '资源id\n#c_auth_resource\n#c_auth_menu',
  `authority_type` varchar(10) NOT NULL DEFAULT 'MENU' COMMENT '权限类型\n#AuthorizeType{MENU:菜单;RESOURCE:资源;}',
  `role_id` bigint(20) NOT NULL COMMENT '角色id\n#c_auth_role',
  `create_time` datetime DEFAULT NULL COMMENT '创建时间',
  `create_user` bigint(20) DEFAULT '0' COMMENT '创建人',
  PRIMARY KEY (`id`) USING BTREE,
  KEY `IDX_KEY` (`role_id`,`authority_type`,`authority_id`)
) ENGINE=InnoDB DEFAULT CHARSET=utf8mb4 COLLATE=utf8mb4_0900_ai_ci COMMENT='角色的资源';

-- ----------------------------
-- Records of c_auth_role_authority
-- ----------------------------
BEGIN;
INSERT INTO `c_auth_role_authority` VALUES (1237036116683522048, 643444685339100197, 'RESOURCE', 100, '2020-03-09 23:22:48', 3);
INSERT INTO `c_auth_role_authority` VALUES (1237036116700299264, 643445116756821697, 'RESOURCE', 100, '2020-03-09 23:22:48', 3);
INSERT INTO `c_auth_role_authority` VALUES (1237036116700299265, 643444685339100196, 'RESOURCE', 100, '2020-03-09 23:22:48', 3);
INSERT INTO `c_auth_role_authority` VALUES (1237036116704493568, 643450072595437889, 'RESOURCE', 100, '2020-03-09 23:22:48', 3);
INSERT INTO `c_auth_role_authority` VALUES (1237036116704493569, 643444685339100193, 'RESOURCE', 100, '2020-03-09 23:22:48', 3);
INSERT INTO `c_auth_role_authority` VALUES (1237036116708687872, 643444685339100195, 'RESOURCE', 100, '2020-03-09 23:22:48', 3);
INSERT INTO `c_auth_role_authority` VALUES (1237036116708687873, 659702853945787041, 'RESOURCE', 100, '2020-03-09 23:22:48', 3);
INSERT INTO `c_auth_role_authority` VALUES (1237036116712882176, 643444685339100194, 'RESOURCE', 100, '2020-03-09 23:22:48', 3);
INSERT INTO `c_auth_role_authority` VALUES (1237036116717076480, 1225042949172101120, 'RESOURCE', 100, '2020-03-09 23:22:48', 3);
INSERT INTO `c_auth_role_authority` VALUES (1237036116717076481, 643445197954353025, 'RESOURCE', 100, '2020-03-09 23:22:48', 3);
INSERT INTO `c_auth_role_authority` VALUES (1237036116717076482, 1232574830335754240, 'RESOURCE', 100, '2020-03-09 23:22:48', 3);
INSERT INTO `c_auth_role_authority` VALUES (1237036116721270784, 1225043012455759872, 'RESOURCE', 100, '2020-03-09 23:22:48', 3);
INSERT INTO `c_auth_role_authority` VALUES (1237036116721270785, 643445262110427201, 'RESOURCE', 100, '2020-03-09 23:22:48', 3);
INSERT INTO `c_auth_role_authority` VALUES (1237036116721270786, 643450853134441825, 'RESOURCE', 100, '2020-03-09 23:22:48', 3);
INSERT INTO `c_auth_role_authority` VALUES (1237036116725465088, 643445774687931841, 'RESOURCE', 100, '2020-03-09 23:22:48', 3);
INSERT INTO `c_auth_role_authority` VALUES (1237036116729659392, 1225984228617879552, 'RESOURCE', 100, '2020-03-09 23:22:48', 3);
INSERT INTO `c_auth_role_authority` VALUES (1237036116729659393, 659702756889592289, 'RESOURCE', 100, '2020-03-09 23:22:48', 3);
INSERT INTO `c_auth_role_authority` VALUES (1237036116733853696, 643450551291353921, 'RESOURCE', 100, '2020-03-09 23:22:48', 3);
INSERT INTO `c_auth_role_authority` VALUES (1237036116733853697, 643452458693043457, 'RESOURCE', 100, '2020-03-09 23:22:48', 3);
INSERT INTO `c_auth_role_authority` VALUES (1237036116738048000, 643454110992968129, 'RESOURCE', 100, '2020-03-09 23:22:48', 3);
INSERT INTO `c_auth_role_authority` VALUES (1237036116738048001, 643445016773002817, 'RESOURCE', 100, '2020-03-09 23:22:48', 3);
INSERT INTO `c_auth_role_authority` VALUES (1237036116738048002, 659430164874134689, 'RESOURCE', 100, '2020-03-09 23:22:48', 3);
INSERT INTO `c_auth_role_authority` VALUES (1237036116742242304, 643445162915137313, 'RESOURCE', 100, '2020-03-09 23:22:48', 3);
INSERT INTO `c_auth_role_authority` VALUES (1237036116746436608, 643445229575210977, 'RESOURCE', 100, '2020-03-09 23:22:48', 3);
INSERT INTO `c_auth_role_authority` VALUES (1237036116750630912, 1225984389242945536, 'RESOURCE', 100, '2020-03-09 23:22:48', 3);
INSERT INTO `c_auth_role_authority` VALUES (1237036116750630913, 643448369779315777, 'RESOURCE', 100, '2020-03-09 23:22:48', 3);
INSERT INTO `c_auth_role_authority` VALUES (1237036116750630914, 643454825052252961, 'RESOURCE', 100, '2020-03-09 23:22:48', 3);
INSERT INTO `c_auth_role_authority` VALUES (1237036116754825216, 643456884694593409, 'RESOURCE', 100, '2020-03-09 23:22:48', 3);
INSERT INTO `c_auth_role_authority` VALUES (1237036116754825217, 658002570005972001, 'RESOURCE', 100, '2020-03-09 23:22:48', 3);
INSERT INTO `c_auth_role_authority` VALUES (1237036116754825218, 643451893279892129, 'RESOURCE', 100, '2020-03-09 23:22:48', 3);
INSERT INTO `c_auth_role_authority` VALUES (1237036116754825219, 643445704177487105, 'RESOURCE', 100, '2020-03-09 23:22:48', 3);
INSERT INTO `c_auth_role_authority` VALUES (1237036116759019520, 659045058871296641, 'RESOURCE', 100, '2020-03-09 23:22:48', 3);
INSERT INTO `c_auth_role_authority` VALUES (1237036116759019521, 643445283996305569, 'RESOURCE', 100, '2020-03-09 23:22:48', 3);
INSERT INTO `c_auth_role_authority` VALUES (1237036116759019522, 643451994945626977, 'RESOURCE', 100, '2020-03-09 23:22:48', 3);
INSERT INTO `c_auth_role_authority` VALUES (1237036116763213824, 643445542076025601, 'RESOURCE', 100, '2020-03-09 23:22:48', 3);
INSERT INTO `c_auth_role_authority` VALUES (1237036116763213825, 645288214990422241, 'RESOURCE', 100, '2020-03-09 23:22:48', 3);
INSERT INTO `c_auth_role_authority` VALUES (1237036116763213826, 643450326619265761, 'RESOURCE', 100, '2020-03-09 23:22:48', 3);
INSERT INTO `c_auth_role_authority` VALUES (1237036116767408128, 643450602218593185, 'RESOURCE', 100, '2020-03-09 23:22:48', 3);
INSERT INTO `c_auth_role_authority` VALUES (1237036116767408129, 643456724186967649, 'RESOURCE', 100, '2020-03-09 23:22:48', 3);
INSERT INTO `c_auth_role_authority` VALUES (1237036116767408130, 643445448081672673, 'RESOURCE', 100, '2020-03-09 23:22:48', 3);
INSERT INTO `c_auth_role_authority` VALUES (1237036116771602432, 643448611161511169, 'RESOURCE', 100, '2020-03-09 23:22:48', 3);
INSERT INTO `c_auth_role_authority` VALUES (1237036116771602433, 643445802106097185, 'RESOURCE', 100, '2020-03-09 23:22:48', 3);
INSERT INTO `c_auth_role_authority` VALUES (1237036116771602434, 643448826945869409, 'RESOURCE', 100, '2020-03-09 23:22:48', 3);
INSERT INTO `c_auth_role_authority` VALUES (1237036116775796736, 643452536954561985, 'RESOURCE', 100, '2020-03-09 23:22:48', 3);
INSERT INTO `c_auth_role_authority` VALUES (1237036116775796737, 1225984359173980160, 'RESOURCE', 100, '2020-03-09 23:22:48', 3);
INSERT INTO `c_auth_role_authority` VALUES (1237036116775796738, 643445514607528609, 'RESOURCE', 100, '2020-03-09 23:22:48', 3);
INSERT INTO `c_auth_role_authority` VALUES (1237036116779991040, 643448507767723169, 'RESOURCE', 100, '2020-03-09 23:22:48', 3);
INSERT INTO `c_auth_role_authority` VALUES (1237036116779991041, 643450295858240129, 'RESOURCE', 100, '2020-03-09 23:22:48', 3);
INSERT INTO `c_auth_role_authority` VALUES (1237036116779991042, 643449998909905121, 'RESOURCE', 100, '2020-03-09 23:22:48', 3);
INSERT INTO `c_auth_role_authority` VALUES (1237036116784185344, 645288283693121889, 'RESOURCE', 100, '2020-03-09 23:22:48', 3);
INSERT INTO `c_auth_role_authority` VALUES (1237036116784185345, 643444897201784193, 'RESOURCE', 100, '2020-03-09 23:22:48', 3);
INSERT INTO `c_auth_role_authority` VALUES (1237036116784185346, 643448730950833601, 'RESOURCE', 100, '2020-03-09 23:22:48', 3);
INSERT INTO `c_auth_role_authority` VALUES (1237036116788379648, 643456690892582401, 'RESOURCE', 100, '2020-03-09 23:22:48', 3);
INSERT INTO `c_auth_role_authority` VALUES (1237036116788379649, 643445412774021505, 'RESOURCE', 100, '2020-03-09 23:22:48', 3);
INSERT INTO `c_auth_role_authority` VALUES (1237036116792573952, 1237035586045345792, 'RESOURCE', 100, '2020-03-09 23:22:48', 3);
INSERT INTO `c_auth_role_authority` VALUES (1237036116796768256, 643448656451605857, 'RESOURCE', 100, '2020-03-09 23:22:48', 3);
INSERT INTO `c_auth_role_authority` VALUES (1237036116796768257, 643450171333548481, 'RESOURCE', 100, '2020-03-09 23:22:48', 3);
INSERT INTO `c_auth_role_authority` VALUES (1237036116796768258, 643456761927315137, 'RESOURCE', 100, '2020-03-09 23:22:48', 3);
INSERT INTO `c_auth_role_authority` VALUES (1237036116800962560, 643445477274028609, 'RESOURCE', 100, '2020-03-09 23:22:48', 3);
INSERT INTO `c_auth_role_authority` VALUES (1237036116800962561, 1225984257483079680, 'RESOURCE', 100, '2020-03-09 23:22:48', 3);
INSERT INTO `c_auth_role_authority` VALUES (1237036116805156865, 643445352703199521, 'RESOURCE', 100, '2020-03-09 23:22:48', 3);
INSERT INTO `c_auth_role_authority` VALUES (1237036116809351168, 643445747320098145, 'RESOURCE', 100, '2020-03-09 23:22:48', 3);
INSERT INTO `c_auth_role_authority` VALUES (1237036116809351169, 643452571645650465, 'RESOURCE', 100, '2020-03-09 23:22:48', 3);
INSERT INTO `c_auth_role_authority` VALUES (1237036116809351170, 643444858974897441, 'RESOURCE', 100, '2020-03-09 23:22:48', 3);
INSERT INTO `c_auth_role_authority` VALUES (1237036116813545472, 643449944866297985, 'RESOURCE', 100, '2020-03-09 23:22:48', 3);
INSERT INTO `c_auth_role_authority` VALUES (1237036116813545473, 643450770317909249, 'RESOURCE', 100, '2020-03-09 23:22:48', 3);
INSERT INTO `c_auth_role_authority` VALUES (1237036116813545474, 1225984321857257472, 'RESOURCE', 100, '2020-03-09 23:22:48', 3);
INSERT INTO `c_auth_role_authority` VALUES (1237036116817739776, 643455720519380097, 'RESOURCE', 100, '2020-03-09 23:22:48', 3);
INSERT INTO `c_auth_role_authority` VALUES (1237036116817739777, 643450210449627681, 'RESOURCE', 100, '2020-03-09 23:22:48', 3);
INSERT INTO `c_auth_role_authority` VALUES (1237036116817739778, 659045100646564577, 'RESOURCE', 100, '2020-03-09 23:22:48', 3);
INSERT INTO `c_auth_role_authority` VALUES (1237036116821934080, 643444992357959137, 'RESOURCE', 100, '2020-03-09 23:22:48', 3);
INSERT INTO `c_auth_role_authority` VALUES (1237036116821934081, 643456789920100129, 'RESOURCE', 100, '2020-03-09 23:22:48', 3);
INSERT INTO `c_auth_role_authority` VALUES (1237036116821934082, 658002632467547265, 'RESOURCE', 100, '2020-03-09 23:22:48', 3);
INSERT INTO `c_auth_role_authority` VALUES (1237036116826128384, 659702641965662497, 'RESOURCE', 100, '2020-03-09 23:22:48', 3);
INSERT INTO `c_auth_role_authority` VALUES (1237036116826128385, 643445641149680705, 'RESOURCE', 100, '2020-03-09 23:22:48', 3);
INSERT INTO `c_auth_role_authority` VALUES (1237036116826128386, 643444819758154945, 'RESOURCE', 100, '2020-03-09 23:22:48', 3);
INSERT INTO `c_auth_role_authority` VALUES (1237036116830322688, 643449629173618657, 'RESOURCE', 100, '2020-03-09 23:22:48', 3);
INSERT INTO `c_auth_role_authority` VALUES (1237036116830322689, 643451945020826369, 'RESOURCE', 100, '2020-03-09 23:22:48', 3);
INSERT INTO `c_auth_role_authority` VALUES (1237036116834516992, 1225042691843162112, 'RESOURCE', 100, '2020-03-09 23:22:48', 3);
INSERT INTO `c_auth_role_authority` VALUES (1237036116834516993, 643448338154263521, 'RESOURCE', 100, '2020-03-09 23:22:48', 3);
INSERT INTO `c_auth_role_authority` VALUES (1237036116834516994, 643449573045442433, 'RESOURCE', 100, '2020-03-09 23:22:48', 3);
INSERT INTO `c_auth_role_authority` VALUES (1237036116838711296, 659702791312245313, 'RESOURCE', 100, '2020-03-09 23:22:48', 3);
INSERT INTO `c_auth_role_authority` VALUES (1237036116838711297, 659045207890723745, 'RESOURCE', 100, '2020-03-09 23:22:48', 3);
INSERT INTO `c_auth_role_authority` VALUES (1237036116838711298, 643452429496493217, 'RESOURCE', 100, '2020-03-09 23:22:48', 3);
INSERT INTO `c_auth_role_authority` VALUES (1237036116838711299, 643454073500084577, 'RESOURCE', 100, '2020-03-09 23:22:48', 3);
INSERT INTO `c_auth_role_authority` VALUES (1237036116842905600, 643455175503129569, 'RESOURCE', 100, '2020-03-09 23:22:48', 3);
INSERT INTO `c_auth_role_authority` VALUES (1237036116842905601, 643445674330819745, 'RESOURCE', 100, '2020-03-09 23:22:48', 3);
INSERT INTO `c_auth_role_authority` VALUES (1237036116842905602, 643452393857492033, 'RESOURCE', 100, '2020-03-09 23:22:48', 3);
INSERT INTO `c_auth_role_authority` VALUES (1237036116847099904, 1237035798587506688, 'RESOURCE', 100, '2020-03-09 23:22:48', 3);
INSERT INTO `c_auth_role_authority` VALUES (1237036116847099905, 643454150905965089, 'RESOURCE', 100, '2020-03-09 23:22:48', 3);
INSERT INTO `c_auth_role_authority` VALUES (1237036116847099906, 643452086981239745, 'RESOURCE', 100, '2020-03-09 23:22:48', 3);
INSERT INTO `c_auth_role_authority` VALUES (1237036116851294208, 643452488447436129, 'RESOURCE', 100, '2020-03-09 23:22:48', 3);
INSERT INTO `c_auth_role_authority` VALUES (1237036116851294209, 645288375300915649, 'RESOURCE', 100, '2020-03-09 23:22:48', 3);
INSERT INTO `c_auth_role_authority` VALUES (1237036116851294210, 659702674622513537, 'RESOURCE', 100, '2020-03-09 23:22:48', 3);
INSERT INTO `c_auth_role_authority` VALUES (1237036116851294211, 1225042821497487360, 'RESOURCE', 100, '2020-03-09 23:22:48', 3);
INSERT INTO `c_auth_role_authority` VALUES (1237036116855488512, 659045145735332673, 'RESOURCE', 100, '2020-03-09 23:22:48', 3);
INSERT INTO `c_auth_role_authority` VALUES (1237036116855488513, 643449540959016737, 'RESOURCE', 100, '2020-03-09 23:22:48', 3);
INSERT INTO `c_auth_role_authority` VALUES (1237036116855488514, 645215230518909025, 'MENU', 100, '2020-03-09 23:22:48', 3);
INSERT INTO `c_auth_role_authority` VALUES (1237036116859682816, 605079411338773153, 'MENU', 100, '2020-03-09 23:22:48', 3);
INSERT INTO `c_auth_role_authority` VALUES (1237036116859682817, 603982542332235201, 'MENU', 100, '2020-03-09 23:22:48', 3);
INSERT INTO `c_auth_role_authority` VALUES (1237036116859682818, 605078371293987105, 'MENU', 100, '2020-03-09 23:22:48', 3);
INSERT INTO `c_auth_role_authority` VALUES (1237036116859682819, 644111530555611361, 'MENU', 100, '2020-03-09 23:22:48', 3);
INSERT INTO `c_auth_role_authority` VALUES (1237036116863877120, 605079751035454305, 'MENU', 100, '2020-03-09 23:22:48', 3);
INSERT INTO `c_auth_role_authority` VALUES (1237036116863877121, 605078672772170209, 'MENU', 100, '2020-03-09 23:22:48', 3);
INSERT INTO `c_auth_role_authority` VALUES (1237036116863877122, 603976297063910529, 'MENU', 100, '2020-03-09 23:22:48', 3);
INSERT INTO `c_auth_role_authority` VALUES (1237036116863877123, 605079545585861345, 'MENU', 100, '2020-03-09 23:22:48', 3);
INSERT INTO `c_auth_role_authority` VALUES (1237036116868071424, 605080107379327969, 'MENU', 100, '2020-03-09 23:22:48', 3);
INSERT INTO `c_auth_role_authority` VALUES (1237036116868071425, 605078979149300257, 'MENU', 100, '2020-03-09 23:22:48', 3);
INSERT INTO `c_auth_role_authority` VALUES (1237036116868071426, 605080359394083937, 'MENU', 100, '2020-03-09 23:22:48', 3);
INSERT INTO `c_auth_role_authority` VALUES (1237036116872265728, 605078463069552993, 'MENU', 100, '2020-03-09 23:22:48', 3);
INSERT INTO `c_auth_role_authority` VALUES (1237036116872265729, 605080816296396097, 'MENU', 100, '2020-03-09 23:22:48', 3);
INSERT INTO `c_auth_role_authority` VALUES (1237036116872265730, 1225042542827929600, 'MENU', 100, '2020-03-09 23:22:48', 3);
INSERT INTO `c_auth_role_authority` VALUES (1237036116872265731, 603982713849908801, 'MENU', 100, '2020-03-09 23:22:48', 3);
INSERT INTO `c_auth_role_authority` VALUES (1237036116876460032, 605079658416833313, 'MENU', 100, '2020-03-09 23:22:48', 3);
INSERT INTO `c_auth_role_authority` VALUES (1237036116876460033, 605078538881597857, 'MENU', 100, '2020-03-09 23:22:48', 3);
INSERT INTO `c_auth_role_authority` VALUES (1237036116876460034, 605080648767505601, 'MENU', 100, '2020-03-09 23:22:48', 3);
INSERT INTO `c_auth_role_authority` VALUES (1237036116880654336, 603983082961243905, 'MENU', 100, '2020-03-09 23:22:48', 3);
INSERT INTO `c_auth_role_authority` VALUES (1237036116880654337, 603981723864141121, 'MENU', 100, '2020-03-09 23:22:48', 3);
INSERT INTO `c_auth_role_authority` VALUES (1237036116880654338, 605424535633666945, 'MENU', 100, '2020-03-09 23:22:48', 3);
INSERT INTO `c_auth_role_authority` VALUES (1237036116884848640, 605080023753294753, 'MENU', 100, '2020-03-09 23:22:48', 3);
INSERT INTO `c_auth_role_authority` VALUES (1237036116884848641, 605079239015793249, 'MENU', 100, '2020-03-09 23:22:48', 3);
INSERT INTO `c_auth_role_authority` VALUES (1237036116884848642, 101, 'MENU', 100, '2020-03-09 23:22:48', 3);
INSERT INTO `c_auth_role_authority` VALUES (1237036116884848643, 102, 'MENU', 100, '2020-03-09 23:22:48', 3);
INSERT INTO `c_auth_role_authority` VALUES (1237036116889042944, 103, 'MENU', 100, '2020-03-09 23:22:48', 3);
INSERT INTO `c_auth_role_authority` VALUES (1237036116889042945, 104, 'MENU', 100, '2020-03-09 23:22:48', 3);
INSERT INTO `c_auth_role_authority` VALUES (1237036116889042946, 105, 'MENU', 100, '2020-03-09 23:22:48', 3);
INSERT INTO `c_auth_role_authority` VALUES (1237036116889042947, 106, 'MENU', 100, '2020-03-09 23:22:48', 3);
INSERT INTO `c_auth_role_authority` VALUES (1237036116893237248, 107, 'MENU', 100, '2020-03-09 23:22:48', 3);
INSERT INTO `c_auth_role_authority` VALUES (1237036116893237249, 643464272629728001, 'MENU', 100, '2020-03-09 23:22:48', 3);
COMMIT;

-- ----------------------------
-- Table structure for c_auth_role_org
-- ----------------------------
DROP TABLE IF EXISTS `c_auth_role_org`;
CREATE TABLE `c_auth_role_org` (
  `id` bigint(20) NOT NULL COMMENT 'ID',
  `role_id` bigint(20) DEFAULT NULL COMMENT '角色ID\n#c_auth_role',
  `org_id` bigint(20) DEFAULT NULL COMMENT '部门ID\n#c_core_org',
  `create_time` datetime DEFAULT NULL,
  `create_user` bigint(20) DEFAULT NULL,
  PRIMARY KEY (`id`)
) ENGINE=InnoDB DEFAULT CHARSET=utf8mb4 COLLATE=utf8mb4_0900_ai_ci COMMENT='角色组织关系';

-- ----------------------------
-- Records of c_auth_role_org
-- ----------------------------
BEGIN;
INSERT INTO `c_auth_role_org` VALUES (1248085547373559808, 100, 100, '2020-04-09 11:09:17', 3);
INSERT INTO `c_auth_role_org` VALUES (1248085547377754112, 100, 101, '2020-04-09 11:09:17', 3);
INSERT INTO `c_auth_role_org` VALUES (1248085547377754113, 100, 102, '2020-04-09 11:09:17', 3);
INSERT INTO `c_auth_role_org` VALUES (1248085547381948416, 100, 643775612976106881, '2020-04-09 11:09:17', 3);
INSERT INTO `c_auth_role_org` VALUES (1248085547381948417, 100, 643775664683486689, '2020-04-09 11:09:17', 3);
INSERT INTO `c_auth_role_org` VALUES (1248085547381948418, 100, 643775904077582049, '2020-04-09 11:09:17', 3);
INSERT INTO `c_auth_role_org` VALUES (1248085547381948419, 100, 643776324342648929, '2020-04-09 11:09:17', 3);
INSERT INTO `c_auth_role_org` VALUES (1248085547386142720, 100, 643776407691858113, '2020-04-09 11:09:17', 3);
INSERT INTO `c_auth_role_org` VALUES (1248085547386142721, 100, 643776508795556193, '2020-04-09 11:09:17', 3);
INSERT INTO `c_auth_role_org` VALUES (1248085547386142722, 100, 643776594376135105, '2020-04-09 11:09:17', 3);
INSERT INTO `c_auth_role_org` VALUES (1248085547390337024, 100, 643776633823564321, '2020-04-09 11:09:17', 3);
INSERT INTO `c_auth_role_org` VALUES (1248085547390337025, 100, 643776668917305985, '2020-04-09 11:09:17', 3);
INSERT INTO `c_auth_role_org` VALUES (1248085547390337026, 100, 643776713909605089, '2020-04-09 11:09:17', 3);
INSERT INTO `c_auth_role_org` VALUES (1248085547390337027, 100, 643776757199016769, '2020-04-09 11:09:17', 3);
INSERT INTO `c_auth_role_org` VALUES (1248085631926534144, 1248085631792316416, 100, '2020-04-09 11:09:38', 3);
INSERT INTO `c_auth_role_org` VALUES (1248085631939117056, 1248085631792316416, 101, '2020-04-09 11:09:38', 3);
INSERT INTO `c_auth_role_org` VALUES (1248085631939117057, 1248085631792316416, 102, '2020-04-09 11:09:38', 3);
INSERT INTO `c_auth_role_org` VALUES (1248085631939117058, 1248085631792316416, 643775612976106881, '2020-04-09 11:09:38', 3);
INSERT INTO `c_auth_role_org` VALUES (1248085631943311360, 1248085631792316416, 643775664683486689, '2020-04-09 11:09:38', 3);
INSERT INTO `c_auth_role_org` VALUES (1248085631943311361, 1248085631792316416, 643775904077582049, '2020-04-09 11:09:38', 3);
INSERT INTO `c_auth_role_org` VALUES (1248085631943311362, 1248085631792316416, 643776324342648929, '2020-04-09 11:09:38', 3);
INSERT INTO `c_auth_role_org` VALUES (1248085631960088576, 1248085631792316416, 643776407691858113, '2020-04-09 11:09:38', 3);
INSERT INTO `c_auth_role_org` VALUES (1248085631964282880, 1248085631792316416, 643776508795556193, '2020-04-09 11:09:38', 3);
INSERT INTO `c_auth_role_org` VALUES (1248085631964282881, 1248085631792316416, 643776594376135105, '2020-04-09 11:09:38', 3);
INSERT INTO `c_auth_role_org` VALUES (1248085631964282882, 1248085631792316416, 643776633823564321, '2020-04-09 11:09:38', 3);
INSERT INTO `c_auth_role_org` VALUES (1248085631964282883, 1248085631792316416, 643776668917305985, '2020-04-09 11:09:38', 3);
INSERT INTO `c_auth_role_org` VALUES (1248085631968477184, 1248085631792316416, 643776713909605089, '2020-04-09 11:09:38', 3);
INSERT INTO `c_auth_role_org` VALUES (1248085631968477185, 1248085631792316416, 643776757199016769, '2020-04-09 11:09:38', 3);
COMMIT;

-- ----------------------------
-- Table structure for c_auth_user
-- ----------------------------
DROP TABLE IF EXISTS `c_auth_user`;
CREATE TABLE `c_auth_user` (
  `id` bigint(20) NOT NULL COMMENT 'ID',
  `account` varchar(30) NOT NULL COMMENT '账号',
  `name` varchar(50) NOT NULL COMMENT '姓名',
  `org_id` bigint(20) DEFAULT NULL COMMENT '组织ID',
  `station_id` bigint(20) DEFAULT NULL COMMENT '岗位ID',
  `email` varchar(255) DEFAULT NULL COMMENT '邮箱',
  `mobile` varchar(20) DEFAULT '' COMMENT '手机',
  `sex` varchar(1) DEFAULT 'N' COMMENT '性别',
  `status` bit(1) DEFAULT b'0' COMMENT '状态 \n1启用 0禁用',
  `avatar` varchar(255) DEFAULT '' COMMENT '头像',
  `nation` varchar(20) DEFAULT NULL COMMENT '民族',
  `education` varchar(20) DEFAULT NULL COMMENT '学历',
  `position_status` varchar(20) DEFAULT NULL COMMENT '职位状态',
  `work_describe` varchar(255) DEFAULT '' COMMENT '工作描述比如：  市长、管理员、局长等等   用于登陆展示',
  `password_error_last_time` datetime DEFAULT NULL COMMENT '最后一次输错密码时间',
  `password_error_num` int(11) DEFAULT '0' COMMENT '密码错误次数',
  `password_expire_time` datetime DEFAULT NULL COMMENT '密码过期时间',
  `password` varchar(64) NOT NULL DEFAULT '' COMMENT '密码',
  `last_login_time` datetime DEFAULT NULL COMMENT '最后登录时间',
  `create_user` bigint(20) DEFAULT '0' COMMENT '创建人id',
  `create_time` datetime DEFAULT NULL COMMENT '创建时间',
  `update_user` bigint(20) DEFAULT '0' COMMENT '更新人id',
  `update_time` datetime DEFAULT NULL COMMENT '更新时间',
  PRIMARY KEY (`id`) USING BTREE,
  UNIQUE KEY `UN_ACCOUNT` (`account`) USING BTREE
) ENGINE=InnoDB DEFAULT CHARSET=utf8mb4 COLLATE=utf8mb4_0900_ai_ci COMMENT='用户';

-- ----------------------------
-- Records of c_auth_user
-- ----------------------------
BEGIN;
INSERT INTO `c_auth_user` VALUES (0, '', '', NULL, NULL, NULL, '', 'N', b'0', '', NULL, NULL, NULL, '', NULL, 0, NULL, '$2a$10$r4LbSmyEjXHn53iuoW4sMeq..akBe94fqzSBLOYUWp/J3/CpkU1xW', NULL, 0, NULL, 0, NULL);
INSERT INTO `c_auth_user` VALUES (1248084109452902400, 'zhouxinlei', '周鑫磊', 643776594376135105, 645200151886964289, 'zhouxinlei298@163.com', '18817280664', 'M', b'1', '', 'mz_hanz', 'BOSHIHOU', 'WORKING', '生活不止眼前的苟且，还有诗和远方', '2020-04-10 17:57:06', 0, NULL, '$2a$10$r4LbSmyEjXHn53iuoW4sMeq..akBe94fqzSBLOYUWp/J3/CpkU1xW', '2020-04-10 17:57:07', 3, '2020-04-09 11:03:35', 3, '2020-04-09 11:03:35');
INSERT INTO `c_auth_user` VALUES (1248086612902936576, 'zhangming', '张明', 643776633823564321, 645200304014370561, '34353535@163.com', '18709287623', 'M', b'1', '', 'mz_hanz', 'BOSHI', 'WORKING', '', NULL, 0, NULL, '$2a$10$r4LbSmyEjXHn53iuoW4sMeq..akBe94fqzSBLOYUWp/J3/CpkU1xW', NULL, 1248084109452902400, '2020-04-09 11:13:32', 1248084109452902400, '2020-04-09 11:13:32');
INSERT INTO `c_auth_user` VALUES (1248429398701375488, 'liyue', '李越', 643776594376135105, 645199319300842081, '23432432@163.com', '18817096539', 'M', b'1', '', 'mz_hanz', 'BOSHI', 'WORKING', '', NULL, 0, NULL, '$2a$10$r4LbSmyEjXHn53iuoW4sMeq..akBe94fqzSBLOYUWp/J3/CpkU1xW', NULL, 1248084109452902400, '2020-04-10 09:55:38', 1248084109452902400, '2020-04-10 09:55:38');
COMMIT;

-- ----------------------------
-- Table structure for c_auth_user_role
-- ----------------------------
DROP TABLE IF EXISTS `c_auth_user_role`;
CREATE TABLE `c_auth_user_role` (
  `id` bigint(20) NOT NULL,
  `role_id` bigint(20) NOT NULL DEFAULT '0' COMMENT '角色ID\n#c_auth_role',
  `user_id` bigint(20) NOT NULL DEFAULT '0' COMMENT '用户ID\n#c_core_accou',
  `create_user` bigint(20) DEFAULT NULL COMMENT '创建人ID',
  `create_time` datetime DEFAULT NULL COMMENT '创建时间',
  PRIMARY KEY (`id`) USING BTREE,
  KEY `IDX_KEY` (`role_id`,`user_id`)
) ENGINE=InnoDB DEFAULT CHARSET=utf8mb4 COLLATE=utf8mb4_0900_ai_ci COMMENT='角色分配\r\n账号角色绑定';

-- ----------------------------
-- Records of c_auth_user_role
-- ----------------------------
BEGIN;
INSERT INTO `c_auth_user_role` VALUES (1248084168554840064, 100, 1248084109452902400, 3, '2020-04-09 11:03:49');
INSERT INTO `c_auth_user_role` VALUES (1248085659244036096, 1248085631792316416, 1248084109452902400, 3, '2020-04-09 11:09:44');
INSERT INTO `c_auth_user_role` VALUES (1248088163772006400, 1248088058155237376, 1248086612902936576, 1248084109452902400, '2020-04-09 11:19:41');
COMMIT;

-- ----------------------------
-- Table structure for c_common_area
-- ----------------------------
DROP TABLE IF EXISTS `c_common_area`;
CREATE TABLE `c_common_area` (
  `id` bigint(20) NOT NULL COMMENT 'id',
  `code` varchar(64) NOT NULL DEFAULT '' COMMENT '编码',
  `label` varchar(255) NOT NULL DEFAULT '' COMMENT '名称',
  `full_name` varchar(255) DEFAULT '' COMMENT '全名',
  `sort_value` int(11) DEFAULT '1' COMMENT '排序',
  `longitude` varchar(255) DEFAULT '' COMMENT '经度',
  `latitude` varchar(255) DEFAULT '' COMMENT '维度',
  `level` varchar(10) DEFAULT '' COMMENT '行政区级\n\n',
  `source_` varchar(255) DEFAULT NULL COMMENT '数据来源',
  `parent_id` bigint(20) DEFAULT '0' COMMENT '父ID',
  `create_time` datetime DEFAULT NULL COMMENT '创建时间',
  `create_user` bigint(20) DEFAULT '0' COMMENT '创建人',
  `update_time` datetime DEFAULT NULL COMMENT '更新时间',
  `update_user` bigint(20) DEFAULT '0' COMMENT '更新人',
  PRIMARY KEY (`id`) USING BTREE,
  UNIQUE KEY `UN_CODE` (`code`) USING BTREE,
  KEY `IDX_PARENT_ID` (`parent_id`,`label`) USING BTREE COMMENT '查询'
) ENGINE=InnoDB DEFAULT CHARSET=utf8mb4 COLLATE=utf8mb4_0900_ai_ci COMMENT='地区表';

-- ----------------------------
-- Records of c_common_area
-- ----------------------------
BEGIN;
COMMIT;

-- ----------------------------
-- Table structure for c_common_dictionary
-- ----------------------------
DROP TABLE IF EXISTS `c_common_dictionary`;
CREATE TABLE `c_common_dictionary` (
  `id` bigint(20) NOT NULL,
  `type_` varchar(64) NOT NULL DEFAULT '' COMMENT '编码\r\n一颗树仅仅有一个统一的编码',
  `name` varchar(64) NOT NULL DEFAULT '' COMMENT '名称',
  `describe_` varchar(200) DEFAULT '' COMMENT '描述',
  `status_` bit(1) DEFAULT b'1' COMMENT '状态',
  `create_user` bigint(20) DEFAULT '0' COMMENT '创建人id',
  `create_time` datetime DEFAULT NULL COMMENT '创建时间',
  `update_user` bigint(20) DEFAULT '0' COMMENT '更新人id',
  `update_time` datetime DEFAULT NULL COMMENT '更新时间',
  PRIMARY KEY (`id`) USING BTREE
) ENGINE=InnoDB DEFAULT CHARSET=utf8mb4 COLLATE=utf8mb4_0900_ai_ci COMMENT='字典类型';

-- ----------------------------
-- Records of c_common_dictionary
-- ----------------------------
BEGIN;
INSERT INTO `c_common_dictionary` VALUES (1, 'NATION', '民族', '', b'1', 1, '2019-06-01 09:42:50', 1, '2019-06-01 09:42:54');
INSERT INTO `c_common_dictionary` VALUES (2, 'POSITION_STATUS', '在职状态', '', b'1', 1, '2019-06-04 11:37:15', 1, '2019-06-04 11:37:15');
INSERT INTO `c_common_dictionary` VALUES (3, 'EDUCATION', '学历', '', b'1', 1, '2019-06-04 11:33:52', 1, '2019-06-04 11:33:52');
INSERT INTO `c_common_dictionary` VALUES (4, 'AREA_LEVEL', '行政区级', '', b'1', 3, '2020-01-20 15:12:05', 3, '2020-01-20 15:12:05');
COMMIT;

-- ----------------------------
-- Table structure for c_common_dictionary_item
-- ----------------------------
DROP TABLE IF EXISTS `c_common_dictionary_item`;
CREATE TABLE `c_common_dictionary_item` (
  `id` bigint(20) NOT NULL COMMENT 'ID',
  `dictionary_id` bigint(20) NOT NULL COMMENT '类型ID',
  `dictionary_type` varchar(64) NOT NULL COMMENT '类型',
  `code` varchar(64) NOT NULL DEFAULT '' COMMENT '编码',
  `name` varchar(64) NOT NULL DEFAULT '' COMMENT '名称',
  `status_` bit(1) DEFAULT b'1' COMMENT '状态',
  `describe_` varchar(255) DEFAULT '' COMMENT '描述',
  `sort_value` int(11) DEFAULT '1' COMMENT '排序',
  `create_user` bigint(20) DEFAULT '0' COMMENT '创建人id',
  `create_time` datetime DEFAULT NULL COMMENT '创建时间',
  `update_user` bigint(20) DEFAULT '0' COMMENT '更新人id',
  `update_time` datetime DEFAULT NULL COMMENT '更新时间',
  PRIMARY KEY (`id`) USING BTREE,
  KEY `dict_code_item_code_uniq` (`dictionary_type`,`code`) USING BTREE COMMENT '字典编码与字典项目编码联合唯一'
) ENGINE=InnoDB DEFAULT CHARSET=utf8mb4 COLLATE=utf8mb4_0900_ai_ci COMMENT='字典项';

-- ----------------------------
-- Records of c_common_dictionary_item
-- ----------------------------
BEGIN;
INSERT INTO `c_common_dictionary_item` VALUES (1, 4, 'AREA_LEVEL', 'COUNTRY', '国家', b'1', '', 1, 3, '2020-01-20 15:12:57', 3, '2020-01-20 15:12:57');
INSERT INTO `c_common_dictionary_item` VALUES (2, 4, 'AREA_LEVEL', 'PROVINCE', '省份/直辖市', b'1', '', 2, 3, '2020-01-20 15:13:45', 3, '2020-01-20 15:13:45');
INSERT INTO `c_common_dictionary_item` VALUES (3, 4, 'AREA_LEVEL', 'CITY', '地市', b'1', '', 3, 3, '2020-01-20 15:14:16', 3, '2020-01-20 15:14:16');
INSERT INTO `c_common_dictionary_item` VALUES (4, 4, 'AREA_LEVEL', 'COUNTY', '区县', b'1', '', 4, 3, '2020-01-20 15:14:54', 3, '2020-01-20 15:14:54');
INSERT INTO `c_common_dictionary_item` VALUES (38, 3, 'EDUCATION', 'ZHUANKE', '专科', b'1', '', 4, 1, '2019-06-04 11:36:29', 1, '2019-06-04 11:36:29');
INSERT INTO `c_common_dictionary_item` VALUES (39, 3, 'EDUCATION', 'COLLEGE', '本科', b'1', '', 5, 1, '2019-06-04 11:36:19', 1, '2019-06-04 11:36:19');
INSERT INTO `c_common_dictionary_item` VALUES (40, 3, 'EDUCATION', 'SUOSHI', '硕士', b'1', '', 6, 1, '2019-06-04 11:36:29', 1, '2019-06-04 11:36:29');
INSERT INTO `c_common_dictionary_item` VALUES (41, 3, 'EDUCATION', 'BOSHI', '博士', b'1', '', 7, 1, '2019-06-04 11:36:29', 1, '2019-06-04 11:36:29');
INSERT INTO `c_common_dictionary_item` VALUES (42, 3, 'EDUCATION', 'BOSHIHOU', '博士后', b'1', '', 8, 1, '2019-06-04 11:36:29', 1, '2019-06-04 11:36:29');
INSERT INTO `c_common_dictionary_item` VALUES (43, 1, 'NATION', 'mz_hanz', '汉族', b'1', '', 0, 1, '2018-03-15 20:11:01', 1, '2018-03-15 20:11:04');
INSERT INTO `c_common_dictionary_item` VALUES (44, 1, 'NATION', 'mz_zz', '壮族', b'1', '', 1, 1, '2018-03-15 20:11:01', 1, '2018-03-15 20:11:04');
INSERT INTO `c_common_dictionary_item` VALUES (45, 1, 'NATION', 'mz_mz', '满族', b'1', '', 2, 1, '2018-03-15 20:11:01', 1, '2018-03-15 20:11:04');
INSERT INTO `c_common_dictionary_item` VALUES (46, 1, 'NATION', 'mz_hz', '回族', b'1', '', 3, 1, '2018-03-15 20:11:01', 1, '2018-03-15 20:11:04');
INSERT INTO `c_common_dictionary_item` VALUES (47, 1, 'NATION', 'mz_miaoz', '苗族', b'1', '', 4, 1, '2018-03-15 20:11:01', 1, '2018-03-15 20:11:04');
INSERT INTO `c_common_dictionary_item` VALUES (48, 1, 'NATION', 'mz_wwez', '维吾尔族', b'1', '', 5, 1, '2018-03-15 20:11:01', 1, '2018-03-15 20:11:04');
INSERT INTO `c_common_dictionary_item` VALUES (49, 1, 'NATION', 'mz_tjz', '土家族', b'1', '', 6, 1, '2018-03-15 20:11:01', 1, '2018-03-15 20:11:04');
INSERT INTO `c_common_dictionary_item` VALUES (50, 1, 'NATION', 'mz_yz', '彝族', b'1', '', 7, 1, '2018-03-15 20:11:01', 1, '2018-03-15 20:11:04');
INSERT INTO `c_common_dictionary_item` VALUES (51, 1, 'NATION', 'mz_mgz', '蒙古族', b'1', '', 8, 1, '2018-03-15 20:11:01', 1, '2018-03-15 20:11:04');
INSERT INTO `c_common_dictionary_item` VALUES (52, 1, 'NATION', 'mz_zhangz', '藏族', b'1', '', 9, 1, '2018-03-15 20:11:01', 1, '2018-03-15 20:11:04');
INSERT INTO `c_common_dictionary_item` VALUES (53, 1, 'NATION', 'mz_byz', '布依族', b'1', '', 10, 1, '2018-03-15 20:11:01', 1, '2018-03-15 20:11:04');
INSERT INTO `c_common_dictionary_item` VALUES (54, 1, 'NATION', 'mz_dz', '侗族', b'1', '', 11, 1, '2018-03-15 20:11:01', 1, '2018-03-15 20:11:04');
INSERT INTO `c_common_dictionary_item` VALUES (55, 1, 'NATION', 'mz_yaoz', '瑶族', b'1', '', 12, 1, '2018-03-15 20:11:01', 1, '2018-03-15 20:11:04');
INSERT INTO `c_common_dictionary_item` VALUES (56, 1, 'NATION', 'mz_cxz', '朝鲜族', b'1', '', 13, 1, '2018-03-15 20:11:01', 1, '2018-03-15 20:11:04');
INSERT INTO `c_common_dictionary_item` VALUES (57, 1, 'NATION', 'mz_bz', '白族', b'1', '', 14, 1, '2018-03-15 20:11:01', 1, '2018-03-15 20:11:04');
INSERT INTO `c_common_dictionary_item` VALUES (58, 1, 'NATION', 'mz_hnz', '哈尼族', b'1', '', 15, 1, '2018-03-15 20:11:01', 1, '2018-03-15 20:11:04');
INSERT INTO `c_common_dictionary_item` VALUES (59, 1, 'NATION', 'mz_hskz', '哈萨克族', b'1', '', 16, 1, '2018-03-15 20:11:01', 1, '2018-03-15 20:11:04');
INSERT INTO `c_common_dictionary_item` VALUES (60, 1, 'NATION', 'mz_lz', '黎族', b'1', '', 17, 1, '2018-03-15 20:11:01', 1, '2018-03-15 20:11:04');
INSERT INTO `c_common_dictionary_item` VALUES (61, 1, 'NATION', 'mz_daiz', '傣族', b'1', '', 18, 1, '2018-03-15 20:11:01', 1, '2018-03-15 20:11:04');
INSERT INTO `c_common_dictionary_item` VALUES (62, 1, 'NATION', 'mz_sz', '畲族', b'1', '', 19, 1, '2018-03-15 20:11:01', 1, '2018-03-15 20:11:04');
INSERT INTO `c_common_dictionary_item` VALUES (63, 1, 'NATION', 'mz_llz', '傈僳族', b'1', '', 20, 1, '2018-03-15 20:11:01', 1, '2018-03-15 20:11:04');
INSERT INTO `c_common_dictionary_item` VALUES (64, 1, 'NATION', 'mz_glz', '仡佬族', b'1', '', 21, 1, '2018-03-15 20:11:01', 1, '2018-03-15 20:11:04');
INSERT INTO `c_common_dictionary_item` VALUES (65, 1, 'NATION', 'mz_dxz', '东乡族', b'1', '', 22, 1, '2018-03-15 20:11:01', 1, '2018-03-15 20:11:04');
INSERT INTO `c_common_dictionary_item` VALUES (66, 1, 'NATION', 'mz_gsz', '高山族', b'1', '', 23, 1, '2018-03-15 20:11:01', 1, '2018-03-15 20:11:04');
INSERT INTO `c_common_dictionary_item` VALUES (67, 1, 'NATION', 'mz_lhz', '拉祜族', b'1', '', 24, 1, '2018-03-15 20:11:01', 1, '2018-03-15 20:11:04');
INSERT INTO `c_common_dictionary_item` VALUES (68, 1, 'NATION', 'mz_shuiz', '水族', b'1', '', 25, 1, '2018-03-15 20:11:01', 1, '2018-03-15 20:11:04');
INSERT INTO `c_common_dictionary_item` VALUES (69, 1, 'NATION', 'mz_wz', '佤族', b'1', '', 26, 1, '2018-03-15 20:11:01', 1, '2018-03-15 20:11:04');
INSERT INTO `c_common_dictionary_item` VALUES (70, 1, 'NATION', 'mz_nxz', '纳西族', b'1', '', 27, 1, '2018-03-15 20:11:01', 1, '2018-03-15 20:11:04');
INSERT INTO `c_common_dictionary_item` VALUES (71, 1, 'NATION', 'mz_qz', '羌族', b'1', '', 28, 1, '2018-03-15 20:11:01', 1, '2018-03-15 20:11:04');
INSERT INTO `c_common_dictionary_item` VALUES (72, 1, 'NATION', 'mz_tz', '土族', b'1', '', 29, 1, '2018-03-15 20:11:01', 1, '2018-03-15 20:11:04');
INSERT INTO `c_common_dictionary_item` VALUES (73, 1, 'NATION', 'mz_zlz', '仫佬族', b'1', '', 30, 1, '2018-03-15 20:11:01', 1, '2018-03-15 20:11:04');
INSERT INTO `c_common_dictionary_item` VALUES (74, 1, 'NATION', 'mz_xbz', '锡伯族', b'1', '', 31, 1, '2018-03-15 20:11:01', 1, '2018-03-15 20:11:04');
INSERT INTO `c_common_dictionary_item` VALUES (75, 1, 'NATION', 'mz_kehzz', '柯尔克孜族', b'1', '', 32, 1, '2018-03-15 20:11:01', 1, '2018-03-15 20:11:04');
INSERT INTO `c_common_dictionary_item` VALUES (76, 1, 'NATION', 'mz_dwz', '达斡尔族', b'1', '', 33, 1, '2018-03-15 20:11:01', 1, '2018-03-15 20:11:04');
INSERT INTO `c_common_dictionary_item` VALUES (77, 1, 'NATION', 'mz_jpz', '景颇族', b'1', '', 34, 1, '2018-03-15 20:11:01', 1, '2018-03-15 20:11:04');
INSERT INTO `c_common_dictionary_item` VALUES (78, 1, 'NATION', 'mz_mlz', '毛南族', b'1', '', 35, 1, '2018-03-15 20:11:01', 1, '2018-03-15 20:11:04');
INSERT INTO `c_common_dictionary_item` VALUES (79, 1, 'NATION', 'mz_slz', '撒拉族', b'1', '', 36, 1, '2018-03-15 20:11:01', 1, '2018-03-15 20:11:04');
INSERT INTO `c_common_dictionary_item` VALUES (80, 1, 'NATION', 'mz_tjkz', '塔吉克族', b'1', '', 37, 1, '2018-03-15 20:11:01', 1, '2018-03-15 20:11:04');
INSERT INTO `c_common_dictionary_item` VALUES (81, 1, 'NATION', 'mz_acz', '阿昌族', b'1', '', 38, 1, '2018-03-15 20:11:01', 1, '2018-03-15 20:11:04');
INSERT INTO `c_common_dictionary_item` VALUES (82, 1, 'NATION', 'mz_pmz', '普米族', b'1', '', 39, 1, '2018-03-15 20:11:01', 1, '2018-03-15 20:11:04');
INSERT INTO `c_common_dictionary_item` VALUES (83, 1, 'NATION', 'mz_ewkz', '鄂温克族', b'1', '', 40, 1, '2018-03-15 20:11:01', 1, '2018-03-15 20:11:04');
INSERT INTO `c_common_dictionary_item` VALUES (84, 1, 'NATION', 'mz_nz', '怒族', b'1', '', 41, 1, '2018-03-15 20:11:01', 1, '2018-03-15 20:11:04');
INSERT INTO `c_common_dictionary_item` VALUES (85, 1, 'NATION', 'mz_jz', '京族', b'1', '', 42, 1, '2018-03-15 20:11:01', 1, '2018-03-15 20:11:04');
INSERT INTO `c_common_dictionary_item` VALUES (86, 1, 'NATION', 'mz_jnz', '基诺族', b'1', '', 43, 1, '2018-03-15 20:11:01', 1, '2018-03-15 20:11:04');
INSERT INTO `c_common_dictionary_item` VALUES (87, 1, 'NATION', 'mz_daz', '德昂族', b'1', '', 44, 1, '2018-03-15 20:11:01', 1, '2018-03-15 20:11:04');
INSERT INTO `c_common_dictionary_item` VALUES (88, 1, 'NATION', 'mz_baz', '保安族', b'1', '', 45, 1, '2018-03-15 20:11:01', 1, '2018-03-15 20:11:04');
INSERT INTO `c_common_dictionary_item` VALUES (89, 1, 'NATION', 'mz_elsz', '俄罗斯族', b'1', '', 46, 1, '2018-03-15 20:11:01', 1, '2018-03-15 20:11:04');
INSERT INTO `c_common_dictionary_item` VALUES (90, 1, 'NATION', 'mz_ygz', '裕固族', b'1', '', 47, 1, '2018-03-15 20:11:01', 1, '2018-03-15 20:11:04');
INSERT INTO `c_common_dictionary_item` VALUES (91, 1, 'NATION', 'mz_wzbkz', '乌兹别克族', b'1', '', 48, 1, '2018-03-15 20:11:01', 1, '2018-03-15 20:11:04');
INSERT INTO `c_common_dictionary_item` VALUES (92, 1, 'NATION', 'mz_mbz', '门巴族', b'1', '', 49, 1, '2018-03-15 20:11:01', 1, '2018-03-15 20:11:04');
INSERT INTO `c_common_dictionary_item` VALUES (93, 1, 'NATION', 'mz_elcz', '鄂伦春族', b'1', '', 50, 1, '2018-03-15 20:11:01', 1, '2018-03-15 20:11:04');
INSERT INTO `c_common_dictionary_item` VALUES (94, 1, 'NATION', 'mz_dlz', '独龙族', b'1', '', 51, 1, '2018-03-15 20:11:01', 1, '2018-03-15 20:11:04');
INSERT INTO `c_common_dictionary_item` VALUES (95, 1, 'NATION', 'mz_tkez', '塔塔尔族', b'1', '', 52, 1, '2018-03-15 20:11:01', 1, '2018-03-15 20:11:04');
INSERT INTO `c_common_dictionary_item` VALUES (96, 1, 'NATION', 'mz_hzz', '赫哲族', b'1', '', 53, 1, '2018-03-15 20:11:01', 1, '2018-03-15 20:11:04');
INSERT INTO `c_common_dictionary_item` VALUES (97, 1, 'NATION', 'mz_lbz', '珞巴族', b'1', '', 54, 1, '2018-03-15 20:11:01', 1, '2018-03-15 20:11:04');
INSERT INTO `c_common_dictionary_item` VALUES (98, 1, 'NATION', 'mz_blz', '布朗族', b'1', '', 55, 1, '2018-03-15 20:11:01', 1, '2018-03-15 20:11:04');
INSERT INTO `c_common_dictionary_item` VALUES (99, 2, 'POSITION_STATUS', 'WORKING', '在职', b'1', '', 1, 1, '2019-06-04 11:38:16', 1, '2019-06-04 11:38:16');
INSERT INTO `c_common_dictionary_item` VALUES (100, 2, 'POSITION_STATUS', 'QUIT', '离职', b'1', '', 2, 1, '2019-06-04 11:38:50', 1, '2019-06-04 11:38:50');
INSERT INTO `c_common_dictionary_item` VALUES (1237038877428940800, 4, 'AREA_LEVEL', 'TOWNS', '乡镇', b'1', '', 5, 3, '2020-03-09 23:33:46', 3, '2020-03-09 23:33:46');
INSERT INTO `c_common_dictionary_item` VALUES (1237038991044247552, 3, 'EDUCATION', 'XIAOXUE', '小学', b'1', '', 1, 3, '2020-03-09 23:34:13', 3, '2020-03-09 23:34:13');
INSERT INTO `c_common_dictionary_item` VALUES (1237039071537135616, 3, 'EDUCATION', 'ZHONGXUE', '中学', b'1', '', 2, 3, '2020-03-09 23:34:32', 3, '2020-03-09 23:34:32');
INSERT INTO `c_common_dictionary_item` VALUES (1237039105171259392, 3, 'EDUCATION', 'GAOZHONG', '高中', b'1', '', 3, 3, '2020-03-09 23:34:40', 3, '2020-03-09 23:34:40');
INSERT INTO `c_common_dictionary_item` VALUES (1237039160271831040, 3, 'EDUCATION', 'QITA', '其他', b'1', '', 20, 3, '2020-03-09 23:34:54', 3, '2020-03-09 23:34:54');
INSERT INTO `c_common_dictionary_item` VALUES (1237040064488275968, 1, 'NATION', 'mz_qt', '其他', b'1', '', 100, 3, '2020-03-09 23:38:29', 3, '2020-03-09 23:38:29');
INSERT INTO `c_common_dictionary_item` VALUES (1237040319480987648, 2, 'POSITION_STATUS', 'LEAVE', '请假', b'1', '', 3, 3, '2020-03-09 23:39:30', 3, '2020-03-09 23:39:30');
COMMIT;

-- ----------------------------
-- Table structure for c_common_login_log
-- ----------------------------
DROP TABLE IF EXISTS `c_common_login_log`;
CREATE TABLE `c_common_login_log` (
  `id` bigint(20) NOT NULL COMMENT '主键',
  `request_ip` varchar(50) DEFAULT '' COMMENT '登录IP',
  `user_id` bigint(20) DEFAULT NULL COMMENT '登录人ID',
  `user_name` varchar(50) DEFAULT NULL COMMENT '登录人姓名',
  `account` varchar(30) DEFAULT '' COMMENT '登录人账号',
  `description` varchar(255) DEFAULT '' COMMENT '登录描述',
  `login_date` date DEFAULT NULL COMMENT '登录时间',
  `ua` varchar(500) DEFAULT '0' COMMENT '浏览器请求头',
  `browser` varchar(255) DEFAULT NULL COMMENT '浏览器名称',
  `browser_version` varchar(255) DEFAULT NULL COMMENT '浏览器版本',
  `operating_system` varchar(255) DEFAULT NULL COMMENT '操作系统',
  `location` varchar(50) DEFAULT '' COMMENT '登录地点',
  `create_time` datetime DEFAULT NULL,
  `create_user` bigint(20) DEFAULT NULL,
  PRIMARY KEY (`id`) USING BTREE,
  KEY `IDX_BROWSER` (`browser`),
  KEY `IDX_OPERATING` (`operating_system`),
  KEY `IDX_LOGIN_DATE` (`login_date`,`account`) USING BTREE,
  KEY `IDX_ACCOUNT_IP` (`account`,`request_ip`) USING BTREE
) ENGINE=InnoDB DEFAULT CHARSET=utf8mb4 COLLATE=utf8mb4_0900_ai_ci ROW_FORMAT=DYNAMIC COMMENT='登录日志';

-- ----------------------------
-- Records of c_common_login_log
-- ----------------------------
BEGIN;
COMMIT;

-- ----------------------------
-- Table structure for c_common_opt_log
-- ----------------------------
DROP TABLE IF EXISTS `c_common_opt_log`;
CREATE TABLE `c_common_opt_log` (
  `id` bigint(20) NOT NULL COMMENT '主键',
  `request_ip` varchar(50) DEFAULT '' COMMENT '操作IP',
  `type` varchar(5) DEFAULT 'OPT' COMMENT '日志类型\n#LogType{OPT:操作类型;EX:异常类型}',
  `user_name` varchar(50) DEFAULT '' COMMENT '操作人',
  `description` varchar(255) DEFAULT '' COMMENT '操作描述',
  `class_path` varchar(255) DEFAULT '' COMMENT '类路径',
  `action_method` varchar(50) DEFAULT '' COMMENT '请求方法',
  `request_uri` varchar(50) DEFAULT '' COMMENT '请求地址',
  `http_method` varchar(10) DEFAULT 'GET' COMMENT '请求类型\n#HttpMethod{GET:GET请求;POST:POST请求;PUT:PUT请求;DELETE:DELETE请求;PATCH:PATCH请求;TRACE:TRACE请求;HEAD:HEAD请求;OPTIONS:OPTIONS请求;}',
  `params` longtext COMMENT '请求参数',
  `result` longtext COMMENT '返回值',
  `ex_desc` longtext COMMENT '异常详情信息',
  `ex_detail` longtext COMMENT '异常描述',
  `start_time` timestamp NULL DEFAULT NULL COMMENT '开始时间',
  `finish_time` timestamp NULL DEFAULT NULL COMMENT '完成时间',
  `consuming_time` bigint(20) DEFAULT '0' COMMENT '消耗时间',
  `ua` varchar(500) DEFAULT '' COMMENT '浏览器',
  `create_time` datetime DEFAULT NULL,
  `create_user` bigint(20) DEFAULT NULL,
  PRIMARY KEY (`id`) USING BTREE,
  KEY `index_type` (`type`) USING BTREE COMMENT '日志类型'
) ENGINE=InnoDB DEFAULT CHARSET=utf8mb4 COLLATE=utf8mb4_0900_ai_ci ROW_FORMAT=DYNAMIC COMMENT='系统日志';

-- ----------------------------
-- Records of c_common_opt_log
-- ----------------------------
BEGIN;
COMMIT;

-- ----------------------------
-- Table structure for c_common_parameter
-- ----------------------------
DROP TABLE IF EXISTS `c_common_parameter`;
CREATE TABLE `c_common_parameter` (
  `id` bigint(20) NOT NULL,
  `key_` varchar(255) NOT NULL DEFAULT '' COMMENT '参数键',
  `name` varchar(255) NOT NULL DEFAULT '' COMMENT '参数名称',
  `value` varchar(255) NOT NULL COMMENT '参数值',
  `describe_` varchar(200) DEFAULT '' COMMENT '描述',
  `status_` bit(1) DEFAULT b'1' COMMENT '状态',
  `readonly_` bit(1) DEFAULT NULL COMMENT '只读',
  `create_user` bigint(20) DEFAULT '0' COMMENT '创建人id',
  `create_time` datetime DEFAULT NULL COMMENT '创建时间',
  `update_user` bigint(20) DEFAULT '0' COMMENT '更新人id',
  `update_time` datetime DEFAULT NULL COMMENT '更新时间',
  PRIMARY KEY (`id`) USING BTREE,
  UNIQUE KEY `UN_KEY` (`key_`) USING BTREE
) ENGINE=InnoDB DEFAULT CHARSET=utf8mb4 COLLATE=utf8mb4_0900_ai_ci COMMENT='参数配置';

-- ----------------------------
-- Records of c_common_parameter
-- ----------------------------
BEGIN;
COMMIT;

-- ----------------------------
-- Table structure for c_core_org
-- ----------------------------
DROP TABLE IF EXISTS `c_core_org`;
CREATE TABLE `c_core_org` (
  `id` bigint(20) NOT NULL COMMENT 'ID',
  `label` varchar(255) NOT NULL DEFAULT '' COMMENT '名称',
  `abbreviation` varchar(255) DEFAULT '' COMMENT '简称',
  `parent_id` bigint(20) DEFAULT '0' COMMENT '父ID',
  `tree_path` varchar(255) DEFAULT ',' COMMENT '树结构',
  `sort_value` int(11) DEFAULT '1' COMMENT '排序',
  `status` bit(1) DEFAULT b'1' COMMENT '状态',
  `describe_` varchar(255) DEFAULT '' COMMENT '描述',
  `create_time` datetime DEFAULT NULL,
  `create_user` bigint(20) DEFAULT NULL,
  `update_time` datetime DEFAULT NULL,
  `update_user` bigint(20) DEFAULT NULL,
  PRIMARY KEY (`id`),
  FULLTEXT KEY `FU_PATH` (`tree_path`)
) ENGINE=InnoDB DEFAULT CHARSET=utf8mb4 COLLATE=utf8mb4_0900_ai_ci COMMENT='组织';

-- ----------------------------
-- Records of c_core_org
-- ----------------------------
BEGIN;
INSERT INTO `c_core_org` VALUES (100, 'sparksys科技有限公司', '法本信息', 0, ',', 1, b'1', '初始化数据', '2019-07-10 17:02:18', 1, '2019-07-10 17:02:16', 1);
INSERT INTO `c_core_org` VALUES (101, 'sparksys科技有限公司杭州分公司', '杭州法本信息', 100, ',100,', 0, b'1', '初始化数据', '2019-08-06 09:10:53', 1, '2020-04-10 18:00:25', 1248084109452902400);
INSERT INTO `c_core_org` VALUES (102, 'sparksys科技有限公司上海分公司', '上海法本信息', 100, ',100,', 1, b'1', '初始化数据', '2019-11-07 16:13:09', 1, '2019-11-07 16:13:12', 1);
INSERT INTO `c_core_org` VALUES (643775612976106881, '综合部', '', 101, ',100,101,', 0, b'1', '前台&HR', '2019-11-12 11:34:27', 3, '2019-11-12 11:34:27', 3);
INSERT INTO `c_core_org` VALUES (643775664683486689, '管理层', '', 100, ',100,', 3, b'1', '', '2019-11-12 11:34:39', 3, '2019-11-12 11:36:16', 3);
INSERT INTO `c_core_org` VALUES (643775904077582049, '总经办', '', 100, ',100,', 2, b'1', '', '2019-11-12 11:35:37', 3, '2019-11-12 11:36:52', 3);
INSERT INTO `c_core_org` VALUES (643776324342648929, '财务部', '', 100, ',100,', 4, b'1', '', '2019-11-12 11:37:17', 3, '2019-11-12 11:37:40', 3);
INSERT INTO `c_core_org` VALUES (643776407691858113, '市场部', '', 100, ',100,', 5, b'1', '', '2019-11-12 11:37:37', 3, '2019-11-12 11:37:37', 3);
INSERT INTO `c_core_org` VALUES (643776508795556193, '销售部', '', 100, ',100,', 6, b'1', '', '2019-11-12 11:38:01', 3, '2019-11-12 11:38:01', 3);
INSERT INTO `c_core_org` VALUES (643776594376135105, '研发部', '', 101, ',100,101,', 1, b'1', '', '2019-11-12 11:38:21', 3, '2019-11-12 11:38:21', 3);
INSERT INTO `c_core_org` VALUES (643776633823564321, '产品部', '', 101, ',100,101,', 2, b'1', '', '2019-11-12 11:38:31', 3, '2019-11-12 11:38:31', 3);
INSERT INTO `c_core_org` VALUES (643776668917305985, '综合部', '', 102, ',100,102,', 0, b'1', '', '2019-11-12 11:38:39', 3, '2019-11-12 11:38:39', 3);
INSERT INTO `c_core_org` VALUES (643776713909605089, '研发部', '', 102, ',100,102,', 0, b'1', '', '2019-11-12 11:38:50', 3, '2019-11-12 11:38:50', 3);
INSERT INTO `c_core_org` VALUES (643776757199016769, '销售部', '', 102, ',100,102,', 2, b'1', '', '2019-11-12 11:39:00', 3, '2019-11-12 11:39:00', 3);
COMMIT;

-- ----------------------------
-- Table structure for c_core_station
-- ----------------------------
DROP TABLE IF EXISTS `c_core_station`;
CREATE TABLE `c_core_station` (
  `id` bigint(20) NOT NULL COMMENT 'ID',
  `name` varchar(255) NOT NULL DEFAULT '' COMMENT '名称',
  `org_id` bigint(20) DEFAULT '0' COMMENT '组织ID\n#c_core_org',
  `status` bit(1) DEFAULT b'1' COMMENT '状态',
  `describe_` varchar(255) DEFAULT '' COMMENT '描述',
  `create_time` datetime DEFAULT NULL,
  `create_user` bigint(20) DEFAULT NULL,
  `update_time` datetime DEFAULT NULL,
  `update_user` bigint(20) DEFAULT NULL,
  PRIMARY KEY (`id`)
) ENGINE=InnoDB DEFAULT CHARSET=utf8mb4 COLLATE=utf8mb4_0900_ai_ci COMMENT='岗位';

-- ----------------------------
-- Records of c_core_station
-- ----------------------------
BEGIN;
INSERT INTO `c_core_station` VALUES (100, '总经理', 643775904077582049, b'1', '总部-1把手', '2019-07-10 17:03:03', 1, '2019-11-16 09:59:17', 3);
INSERT INTO `c_core_station` VALUES (101, '副总经理', 643775904077582049, b'1', '总部-2把手', '2019-07-22 17:07:55', 1, '2019-11-16 09:59:21', 3);
INSERT INTO `c_core_station` VALUES (642032719487828225, '研发经理', 643776594376135105, b'1', '子公司-研发部老大', '2019-11-07 16:08:49', 3, '2019-11-16 09:53:42', 3);
INSERT INTO `c_core_station` VALUES (645199319300842081, '副总经理', 101, b'1', '子公司-老大', '2019-11-16 09:51:45', 3, '2019-11-16 09:53:50', 3);
INSERT INTO `c_core_station` VALUES (645199745026892801, '产品经理', 643776633823564321, b'1', '子公司-产品部老大', '2019-11-16 09:53:27', 3, '2019-11-16 09:54:01', 3);
INSERT INTO `c_core_station` VALUES (645200064280536545, '人事经理', 643775612976106881, b'1', '子公司-综合老大', '2019-11-16 09:54:43', 3, '2019-11-16 09:54:43', 3);
INSERT INTO `c_core_station` VALUES (645200151886964289, 'Java工程师', 643776594376135105, b'1', '普通员工', '2019-11-16 09:55:04', 3, '2019-11-16 09:55:04', 3);
INSERT INTO `c_core_station` VALUES (645200250243393185, '需求工程师', 643776633823564321, b'1', '普通员工', '2019-11-16 09:55:27', 3, '2019-11-16 09:55:27', 3);
INSERT INTO `c_core_station` VALUES (645200304014370561, 'UI工程师', 643776633823564321, b'1', '普通员工', '2019-11-16 09:55:40', 3, '2019-11-16 09:55:40', 3);
INSERT INTO `c_core_station` VALUES (645200358959753057, '运维工程师', 643776594376135105, b'1', '普通员工', '2019-11-16 09:55:53', 3, '2019-11-16 09:55:53', 3);
INSERT INTO `c_core_station` VALUES (645200405453612993, '前台小姐姐', 643775612976106881, b'1', '普通员工', '2019-11-16 09:56:04', 3, '2019-11-16 09:56:04', 3);
INSERT INTO `c_core_station` VALUES (645200545698555937, '人事经理', 643776668917305985, b'1', '北京分公司-综合部老大', '2019-11-16 09:56:38', 3, '2019-11-16 09:56:38', 3);
INSERT INTO `c_core_station` VALUES (645200670781089921, '研发经理', 643776713909605089, b'1', '北京分公司-研发部老大', '2019-11-16 09:57:07', 3, '2019-11-16 09:57:07', 3);
INSERT INTO `c_core_station` VALUES (645200806559099105, '销售经理', 643776757199016769, b'1', '北京销售部老大', '2019-11-16 09:57:40', 3, '2019-11-16 09:57:40', 3);
INSERT INTO `c_core_station` VALUES (645200885772724545, '行政', 643776668917305985, b'1', '普通员工', '2019-11-16 09:57:59', 3, '2019-11-16 09:57:59', 3);
INSERT INTO `c_core_station` VALUES (645200938289605025, '大前端工程师', 643776713909605089, b'1', '普通员工', '2019-11-16 09:58:11', 3, '2019-11-16 09:58:11', 3);
INSERT INTO `c_core_station` VALUES (645201064705927681, '销售员工', 643776757199016769, b'1', '普通员工', '2019-11-16 09:58:41', 3, '2019-11-16 09:58:41', 3);
INSERT INTO `c_core_station` VALUES (645201184268757601, '销售总监', 643775664683486689, b'1', '总部2把手', '2019-11-16 09:59:10', 3, '2019-11-16 09:59:10', 3);
INSERT INTO `c_core_station` VALUES (645201307765844833, '财务总监', 643776324342648929, b'1', '总部2把手', '2019-11-16 09:59:39', 3, '2019-11-16 09:59:39', 3);
INSERT INTO `c_core_station` VALUES (645201405757369281, '市场经理', 643776407691858113, b'1', '总部市场部老大', '2019-11-16 10:00:03', 3, '2019-11-16 10:00:03', 3);
INSERT INTO `c_core_station` VALUES (645201481133206561, '销售总监', 643776508795556193, b'1', '总部销售部老大', '2019-11-16 10:00:21', 3, '2019-11-16 10:00:21', 3);
INSERT INTO `c_core_station` VALUES (645201573391117441, '前端工程师', 643776594376135105, b'1', '普通员工', '2019-11-16 10:00:43', 3, '2019-11-16 10:00:43', 3);
COMMIT;

-- ----------------------------
-- Table structure for clientdetails
-- ----------------------------
DROP TABLE IF EXISTS `clientdetails`;
CREATE TABLE `clientdetails` (
  `appId` varchar(256) CHARACTER SET utf8mb4 COLLATE utf8mb4_bin NOT NULL,
  `resourceIds` varchar(256) CHARACTER SET utf8mb4 COLLATE utf8mb4_bin DEFAULT NULL,
  `appSecret` varchar(256) CHARACTER SET utf8mb4 COLLATE utf8mb4_bin DEFAULT NULL,
  `scope` varchar(256) CHARACTER SET utf8mb4 COLLATE utf8mb4_bin DEFAULT NULL,
  `grantTypes` varchar(256) CHARACTER SET utf8mb4 COLLATE utf8mb4_bin DEFAULT NULL,
  `redirectUrl` varchar(256) CHARACTER SET utf8mb4 COLLATE utf8mb4_bin DEFAULT NULL,
  `authorities` varchar(256) CHARACTER SET utf8mb4 COLLATE utf8mb4_bin DEFAULT NULL,
  `access_token_validity` int(11) DEFAULT NULL,
  `refresh_token_validity` int(11) DEFAULT NULL,
  `additionalInformation` varchar(4096) CHARACTER SET utf8mb4 COLLATE utf8mb4_bin DEFAULT NULL,
  `autoApproveScopes` varchar(256) CHARACTER SET utf8mb4 COLLATE utf8mb4_bin DEFAULT NULL,
  PRIMARY KEY (`appId`)
) ENGINE=InnoDB DEFAULT CHARSET=utf8mb4 COLLATE=utf8mb4_bin;

-- ----------------------------
-- Records of clientdetails
-- ----------------------------
BEGIN;
COMMIT;

-- ----------------------------
-- Table structure for oauth_access_token
-- ----------------------------
DROP TABLE IF EXISTS `oauth_access_token`;
CREATE TABLE `oauth_access_token` (
  `token_id` varchar(256) CHARACTER SET utf8mb4 COLLATE utf8mb4_bin DEFAULT NULL,
  `token` blob,
  `authentication_id` varchar(256) CHARACTER SET utf8mb4 COLLATE utf8mb4_bin NOT NULL,
  `user_name` varchar(256) CHARACTER SET utf8mb4 COLLATE utf8mb4_bin DEFAULT NULL,
  `client_id` varchar(256) CHARACTER SET utf8mb4 COLLATE utf8mb4_bin DEFAULT NULL,
  `authentication` blob,
  `refresh_token` varchar(256) CHARACTER SET utf8mb4 COLLATE utf8mb4_bin DEFAULT NULL,
  PRIMARY KEY (`authentication_id`)
) ENGINE=InnoDB DEFAULT CHARSET=utf8mb4 COLLATE=utf8mb4_bin;

-- ----------------------------
-- Records of oauth_access_token
-- ----------------------------
BEGIN;
COMMIT;

-- ----------------------------
-- Table structure for oauth_approvals
-- ----------------------------
DROP TABLE IF EXISTS `oauth_approvals`;
CREATE TABLE `oauth_approvals` (
  `userId` varchar(256) CHARACTER SET utf8mb4 COLLATE utf8mb4_bin DEFAULT NULL,
  `clientId` varchar(256) CHARACTER SET utf8mb4 COLLATE utf8mb4_bin DEFAULT NULL,
  `scope` varchar(256) CHARACTER SET utf8mb4 COLLATE utf8mb4_bin DEFAULT NULL,
  `status` varchar(10) CHARACTER SET utf8mb4 COLLATE utf8mb4_bin DEFAULT NULL,
  `expiresAt` datetime DEFAULT NULL,
  `lastModifiedAt` datetime DEFAULT NULL
) ENGINE=InnoDB DEFAULT CHARSET=utf8mb4 COLLATE=utf8mb4_bin;

-- ----------------------------
-- Records of oauth_approvals
-- ----------------------------
BEGIN;
COMMIT;

-- ----------------------------
-- Table structure for oauth_client_details
-- ----------------------------
DROP TABLE IF EXISTS `oauth_client_details`;
CREATE TABLE `oauth_client_details` (
  `client_id` varchar(256) CHARACTER SET utf8mb4 COLLATE utf8mb4_bin NOT NULL,
  `resource_ids` varchar(256) CHARACTER SET utf8mb4 COLLATE utf8mb4_bin DEFAULT NULL,
  `client_secret` varchar(256) CHARACTER SET utf8mb4 COLLATE utf8mb4_bin DEFAULT NULL,
  `scope` varchar(256) CHARACTER SET utf8mb4 COLLATE utf8mb4_bin DEFAULT NULL,
  `authorized_grant_types` varchar(256) CHARACTER SET utf8mb4 COLLATE utf8mb4_bin DEFAULT NULL,
  `web_server_redirect_uri` varchar(256) CHARACTER SET utf8mb4 COLLATE utf8mb4_bin DEFAULT NULL,
  `authorities` varchar(256) CHARACTER SET utf8mb4 COLLATE utf8mb4_bin DEFAULT NULL,
  `access_token_validity` int(11) DEFAULT NULL,
  `refresh_token_validity` int(11) DEFAULT NULL,
  `additional_information` varchar(4096) CHARACTER SET utf8mb4 COLLATE utf8mb4_bin DEFAULT NULL,
  `autoapprove` varchar(256) CHARACTER SET utf8mb4 COLLATE utf8mb4_bin DEFAULT NULL,
  PRIMARY KEY (`client_id`)
) ENGINE=InnoDB DEFAULT CHARSET=utf8mb4 COLLATE=utf8mb4_bin;

-- ----------------------------
-- Records of oauth_client_details
-- ----------------------------
BEGIN;
COMMIT;

-- ----------------------------
-- Table structure for oauth_client_token
-- ----------------------------
DROP TABLE IF EXISTS `oauth_client_token`;
CREATE TABLE `oauth_client_token` (
  `token_id` varchar(256) CHARACTER SET utf8mb4 COLLATE utf8mb4_bin DEFAULT NULL,
  `token` blob,
  `authentication_id` varchar(256) CHARACTER SET utf8mb4 COLLATE utf8mb4_bin NOT NULL,
  `user_name` varchar(256) CHARACTER SET utf8mb4 COLLATE utf8mb4_bin DEFAULT NULL,
  `client_id` varchar(256) CHARACTER SET utf8mb4 COLLATE utf8mb4_bin DEFAULT NULL,
  PRIMARY KEY (`authentication_id`)
) ENGINE=InnoDB DEFAULT CHARSET=utf8mb4 COLLATE=utf8mb4_bin;

-- ----------------------------
-- Records of oauth_client_token
-- ----------------------------
BEGIN;
COMMIT;

-- ----------------------------
-- Table structure for oauth_code
-- ----------------------------
DROP TABLE IF EXISTS `oauth_code`;
CREATE TABLE `oauth_code` (
  `code` varchar(256) CHARACTER SET utf8mb4 COLLATE utf8mb4_bin DEFAULT NULL,
  `authentication` blob
) ENGINE=InnoDB DEFAULT CHARSET=utf8mb4 COLLATE=utf8mb4_bin;

-- ----------------------------
-- Records of oauth_code
-- ----------------------------
BEGIN;
COMMIT;

-- ----------------------------
-- Table structure for oauth_refresh_token
-- ----------------------------
DROP TABLE IF EXISTS `oauth_refresh_token`;
CREATE TABLE `oauth_refresh_token` (
  `token_id` varchar(256) CHARACTER SET utf8mb4 COLLATE utf8mb4_bin DEFAULT NULL,
  `token` blob,
  `authentication` blob
) ENGINE=InnoDB DEFAULT CHARSET=utf8mb4 COLLATE=utf8mb4_bin;

-- ----------------------------
-- Records of oauth_refresh_token
-- ----------------------------
BEGIN;
COMMIT;

SET FOREIGN_KEY_CHECKS = 1;
